order_id,order_date,customer_id,product_id,quantity,price_each,discount_pct,revenue,region
O100001,08-07-2025,C0159,P015,2,311.17,0,622.34,North
O100002,30-10-2023,C0169,P018,1,428.38,10,385.54,East
O100003,22-06-2025,C0633,P009,1,350.58,0,350.58,Central
O100004,17-12-2023,C0195,P048,2,459.65,5,873.33,West
O100005,21-12-2023,C0198,P021,1,137.15,10,123.44,West
O100006,01-04-2024,C0353,P027,1,203.58,15,173.04,North
O100007,11-03-2025,C0469,P037,2,195.46,15,332.28,Central
O100008,03-08-2024,C0177,P038,2,266.91,0,533.82,South
O100009,12-07-2024,C0012,P010,1,111.58,0,111.58,South
O100010,26-02-2025,C0483,P017,1,117.81,0,117.81,Central
O100011,20-08-2024,C0296,P011,1,50.91,0,50.91,South
O100012,04-11-2024,C0249,P035,2,431.25,5,819.38,West
O100013,10-07-2024,C0137,P034,2,257.22,0,514.44,Central
O100014,04-09-2024,C0315,P034,1,257.22,10,231.5,East
O100015,18-08-2024,C0100,P004,3,213.85,15,545.32,East
O100016,12-07-2025,C0695,P046,1,103.46,15,87.94,Central
O100017,01-12-2024,C0636,P036,1,397.08,10,357.37,Central
O100018,06-08-2024,C0208,P045,1,152.73,10,137.46,South
O100019,01-12-2024,C0355,P014,1,44.01,15,37.41,West
O100020,06-12-2023,C0470,P008,1,405.67,15,344.82,North
O100021,29-01-2025,C0314,P031,1,373.77,10,336.39,Central
O100022,29-09-2024,C0513,P041,1,60.22,0,60.22,East
O100023,14-05-2025,C0191,P048,1,459.65,15,390.7,Central
O100024,14-11-2023,C0381,P011,1,50.91,0,50.91,North
O100025,19-06-2024,C0317,P007,1,212.66,15,180.76,East
O100026,10-08-2025,C0390,P027,1,203.58,0,203.58,West
O100027,16-07-2025,C0353,P036,2,397.08,15,675.04,North
O100028,22-07-2025,C0494,P029,1,252.12,15,214.3,West
O100029,14-07-2025,C0319,P024,1,138.62,10,124.76,West
O100030,01-08-2024,C0422,P008,1,405.67,10,365.1,South
O100031,11-07-2025,C0517,P047,2,271.99,15,462.38,West
O100032,01-10-2024,C0195,P038,1,266.91,0,266.91,West
O100033,06-06-2025,C0048,P049,1,14.64,15,12.44,West
O100034,27-03-2024,C0469,P034,1,257.22,10,231.5,Central
O100035,17-08-2025,C0268,P016,4,100.18,0,400.72,West
O100036,25-02-2024,C0355,P045,1,152.73,0,152.73,West
O100037,21-03-2024,C0174,P016,1,100.18,15,85.15,West
O100038,21-03-2024,C0487,P011,1,50.91,10,45.82,Central
O100039,14-11-2024,C0658,P039,1,341.74,5,324.65,Central
O100040,01-12-2023,C0636,P011,1,50.91,0,50.91,Central
O100041,14-06-2025,C0347,P025,1,280.69,15,238.59,South
O100042,23-08-2024,C0641,P041,2,60.22,15,102.37,West
O100043,20-10-2024,C0387,P039,1,341.74,15,290.48,West
O100044,06-12-2023,C0039,P024,2,138.62,15,235.65,North
O100045,10-08-2024,C0057,P021,1,137.15,10,123.44,West
O100046,26-08-2025,C0309,P013,1,232.42,5,220.8,East
O100047,27-12-2024,C0662,P038,1,266.91,0,266.91,South
O100048,11-02-2024,C0489,P047,1,271.99,5,258.39,North
O100049,02-12-2024,C0658,P041,1,60.22,15,51.19,Central
O100050,22-10-2024,C0366,P006,1,103.42,0,103.42,South
O100051,03-07-2025,C0493,P026,3,118.38,10,319.63,East
O100052,05-03-2024,C0469,P014,2,44.01,0,88.02,Central
O100053,16-05-2024,C0483,P022,2,40.34,0,80.68,Central
O100054,14-03-2025,C0664,P024,2,138.62,15,235.65,Central
O100055,12-05-2025,C0239,P049,1,14.64,15,12.44,South
O100056,15-12-2023,C0193,P005,2,120.17,0,240.34,North
O100057,11-06-2024,C0521,P001,3,60.11,15,153.28,South
O100058,02-03-2025,C0440,P017,1,117.81,0,117.81,West
O100059,29-06-2025,C0499,P038,2,266.91,10,480.44,South
O100060,24-10-2024,C0109,P018,1,428.38,0,428.38,North
O100061,27-03-2024,C0487,P033,4,184.19,0,736.76,Central
O100062,06-10-2024,C0567,P017,2,117.81,0,235.62,East
O100063,22-06-2025,C0060,P033,1,184.19,0,184.19,West
O100064,05-01-2025,C0169,P015,1,311.17,10,280.05,East
O100065,09-03-2024,C0685,P001,1,60.11,0,60.11,West
O100066,28-02-2025,C0212,P025,1,280.69,5,266.66,North
O100067,04-08-2024,C0649,P002,2,115.49,0,230.98,East
O100068,22-03-2024,C0124,P007,1,212.66,15,180.76,North
O100069,20-01-2024,C0443,P037,1,195.46,15,166.14,East
O100070,28-01-2024,C0270,P034,2,257.22,0,514.44,West
O100071,26-11-2023,C0552,P027,1,203.58,0,203.58,East
O100072,29-12-2023,C0295,P008,1,405.67,5,385.39,North
O100073,26-03-2024,C0425,P016,1,100.18,0,100.18,South
O100074,21-09-2025,C0549,P038,1,266.91,0,266.91,North
O100075,02-02-2024,C0560,P047,2,271.99,5,516.78,South
O100076,14-12-2023,C0614,P004,1,213.85,15,181.77,West
O100077,07-11-2023,C0542,P005,4,120.17,5,456.65,South
O100078,17-01-2025,C0230,P044,2,256.3,5,486.97,West
O100079,18-09-2025,C0528,P006,1,103.42,5,98.25,West
O100080,16-04-2025,C0161,P020,2,85.51,0,171.02,Central
O100081,11-01-2025,C0404,P020,1,85.51,15,72.68,West
O100082,29-10-2023,C0136,P036,1,397.08,0,397.08,North
O100083,05-12-2024,C0399,P038,1,266.91,15,226.87,West
O100084,04-11-2024,C0175,P044,2,256.3,15,435.71,Central
O100085,23-10-2024,C0142,P018,1,428.38,5,406.96,South
O100086,11-10-2025,C0229,P048,1,459.65,0,459.65,Central
O100087,15-04-2025,C0241,P003,1,371.63,5,353.05,East
O100088,24-05-2025,C0579,P030,1,232.13,10,208.92,Central
O100089,17-03-2024,C0341,P034,1,257.22,0,257.22,East
O100090,14-12-2023,C0026,P012,1,303.84,15,258.26,East
O100091,02-09-2024,C0288,P013,1,232.42,0,232.42,North
O100092,07-08-2025,C0504,P023,2,365.92,0,731.84,East
O100093,25-05-2025,C0683,P016,2,100.18,10,180.32,Central
O100094,08-01-2024,C0536,P005,1,120.17,10,108.15,East
O100095,16-09-2025,C0121,P035,1,431.25,10,388.12,East
O100096,16-07-2025,C0525,P028,1,438.8,0,438.8,North
O100097,22-04-2024,C0368,P014,1,44.01,0,44.01,Central
O100098,11-03-2025,C0391,P030,1,232.13,15,197.31,North
O100099,27-09-2024,C0023,P010,1,111.58,15,94.84,North
O100100,14-08-2024,C0171,P046,2,103.46,15,175.88,North
O100101,10-07-2024,C0681,P017,2,117.81,0,235.62,West
O100102,02-11-2024,C0198,P003,1,371.63,0,371.63,West
O100103,09-05-2025,C0003,P042,2,6.61,15,11.24,North
O100104,04-10-2024,C0221,P031,1,373.77,0,373.77,South
O100105,02-12-2024,C0279,P020,2,85.51,10,153.92,West
O100106,19-11-2024,C0430,P008,1,405.67,15,344.82,South
O100107,15-03-2024,C0329,P013,1,232.42,15,197.56,Central
O100108,15-02-2024,C0157,P041,1,60.22,5,57.21,South
O100109,23-07-2025,C0592,P002,1,115.49,0,115.49,North
O100110,25-08-2025,C0570,P006,2,103.42,15,175.81,East
O100111,11-05-2025,C0678,P040,1,376.68,15,320.18,West
O100112,09-05-2025,C0113,P018,1,428.38,5,406.96,East
O100113,24-01-2024,C0438,P007,1,212.66,5,202.03,East
O100114,28-08-2025,C0657,P003,1,371.63,0,371.63,South
O100115,27-11-2023,C0319,P005,1,120.17,0,120.17,West
O100116,26-07-2025,C0538,P046,1,103.46,0,103.46,East
O100117,12-01-2025,C0201,P050,2,123.53,10,222.35,South
O100118,21-07-2024,C0483,P001,1,60.11,5,57.1,Central
O100119,10-12-2023,C0259,P039,1,341.74,0,341.74,West
O100120,09-08-2024,C0390,P038,1,266.91,15,226.87,West
O100121,07-06-2024,C0588,P050,3,123.53,0,370.59,East
O100122,04-02-2024,C0478,P028,1,438.8,15,372.98,East
O100123,22-07-2024,C0548,P049,2,14.64,15,24.89,East
O100124,19-08-2024,C0521,P050,1,123.53,0,123.53,South
O100125,11-01-2025,C0207,P019,1,142.6,0,142.6,East
O100126,11-03-2025,C0210,P040,2,376.68,15,640.36,South
O100127,11-05-2024,C0287,P026,1,118.38,10,106.54,East
O100128,23-06-2025,C0689,P024,1,138.62,15,117.83,North
O100129,29-10-2024,C0409,P014,1,44.01,0,44.01,North
O100130,03-08-2024,C0226,P003,1,371.63,0,371.63,South
O100131,26-06-2025,C0438,P047,1,271.99,0,271.99,East
O100132,31-12-2024,C0093,P004,3,213.85,0,641.55,Central
O100133,23-11-2023,C0023,P046,4,103.46,0,413.84,North
O100134,23-11-2023,C0251,P012,1,303.84,10,273.46,West
O100135,18-02-2024,C0042,P023,1,365.92,10,329.33,East
O100136,06-06-2024,C0037,P047,1,271.99,15,231.19,West
O100137,26-04-2024,C0539,P030,3,232.13,0,696.39,West
O100138,04-12-2023,C0673,P010,1,111.58,0,111.58,South
O100139,06-12-2024,C0522,P025,3,280.69,10,757.86,North
O100140,01-09-2025,C0270,P029,1,252.12,0,252.12,West
O100141,06-03-2025,C0453,P020,3,85.51,0,256.53,East
O100142,08-09-2024,C0290,P045,1,152.73,0,152.73,North
O100143,12-02-2024,C0526,P038,1,266.91,0,266.91,West
O100144,22-08-2025,C0570,P025,1,280.69,5,266.66,East
O100145,10-10-2025,C0623,P009,1,350.58,0,350.58,Central
O100146,22-03-2025,C0633,P048,1,459.65,5,436.67,Central
O100147,13-12-2024,C0609,P027,3,203.58,10,549.67,North
O100148,15-03-2025,C0066,P045,1,152.73,0,152.73,South
O100149,30-05-2025,C0478,P025,1,280.69,10,252.62,East
O100150,29-01-2025,C0687,P007,2,212.66,0,425.32,West
O100151,25-12-2024,C0549,P005,1,120.17,5,114.16,North
O100152,16-11-2024,C0185,P047,2,271.99,0,543.98,West
O100153,17-06-2025,C0493,P033,2,184.19,10,331.54,East
O100154,10-10-2025,C0003,P041,1,60.22,10,54.2,North
O100155,26-05-2024,C0449,P001,1,60.11,15,51.09,North
O100156,03-08-2024,C0423,P022,1,40.34,0,40.34,East
O100157,21-04-2025,C0535,P015,1,311.17,15,264.49,North
O100158,07-06-2025,C0676,P010,1,111.58,10,100.42,North
O100159,23-09-2024,C0260,P019,3,142.6,0,427.8,West
O100160,20-04-2024,C0661,P009,1,350.58,0,350.58,Central
O100161,28-10-2023,C0161,P001,2,60.11,5,114.21,Central
O100162,24-02-2025,C0519,P007,1,212.66,0,212.66,West
O100163,23-05-2024,C0285,P016,1,100.18,15,85.15,North
O100164,24-03-2024,C0170,P034,2,257.22,10,463,Central
O100165,03-12-2023,C0409,P043,2,135.38,0,270.76,North
O100166,20-10-2024,C0499,P005,1,120.17,0,120.17,South
O100167,05-08-2025,C0102,P024,1,138.62,5,131.69,Central
O100168,06-09-2024,C0110,P021,1,137.15,0,137.15,Central
O100169,04-09-2025,C0074,P005,2,120.17,15,204.29,North
O100170,28-07-2024,C0518,P017,2,117.81,10,212.06,East
O100171,28-09-2025,C0407,P037,1,195.46,5,185.69,Central
O100172,04-07-2024,C0621,P009,1,350.58,10,315.52,South
O100173,30-07-2025,C0120,P010,3,111.58,5,318,South
O100174,01-12-2024,C0270,P008,1,405.67,10,365.1,West
O100175,07-03-2024,C0459,P004,3,213.85,15,545.32,North
O100176,04-08-2024,C0315,P018,1,428.38,5,406.96,East
O100177,09-03-2024,C0300,P039,2,341.74,0,683.48,North
O100178,29-08-2024,C0652,P036,1,397.08,0,397.08,West
O100179,22-10-2023,C0302,P040,2,376.68,15,640.36,North
O100180,01-01-2024,C0082,P045,1,152.73,0,152.73,North
O100181,16-08-2024,C0005,P002,1,115.49,0,115.49,South
O100182,25-12-2024,C0286,P025,2,280.69,0,561.38,Central
O100183,22-06-2025,C0289,P024,1,138.62,15,117.83,North
O100184,29-08-2024,C0463,P002,1,115.49,0,115.49,West
O100185,26-09-2025,C0540,P018,1,428.38,15,364.12,Central
O100186,19-11-2024,C0638,P024,1,138.62,0,138.62,South
O100187,25-04-2025,C0118,P008,1,405.67,0,405.67,East
O100188,24-01-2024,C0183,P036,1,397.08,0,397.08,East
O100189,03-07-2024,C0138,P017,1,117.81,0,117.81,West
O100190,11-11-2023,C0479,P008,1,405.67,10,365.1,South
O100191,12-10-2024,C0221,P043,3,135.38,10,365.53,South
O100192,19-07-2025,C0644,P014,1,44.01,0,44.01,East
O100193,27-07-2024,C0293,P041,1,60.22,0,60.22,South
O100194,01-07-2025,C0589,P040,2,376.68,15,640.36,South
O100195,10-02-2025,C0552,P029,1,252.12,0,252.12,East
O100196,28-07-2024,C0687,P033,1,184.19,0,184.19,West
O100197,22-02-2024,C0138,P046,1,103.46,0,103.46,West
O100198,02-09-2024,C0460,P020,1,85.51,5,81.23,South
O100199,29-04-2024,C0043,P010,1,111.58,0,111.58,North
O100200,29-07-2025,C0501,P022,1,40.34,0,40.34,West
O100201,07-09-2024,C0094,P012,1,303.84,0,303.84,North
O100202,04-12-2024,C0669,P041,1,60.22,0,60.22,North
O100203,04-11-2024,C0235,P001,1,60.11,0,60.11,East
O100204,05-03-2025,C0266,P030,2,232.13,15,394.62,North
O100205,10-11-2024,C0347,P009,1,350.58,10,315.52,South
O100206,28-04-2025,C0024,P012,1,303.84,10,273.46,North
O100207,31-07-2025,C0264,P041,3,60.22,0,180.66,South
O100208,13-05-2024,C0487,P037,1,195.46,0,195.46,Central
O100209,08-01-2024,C0687,P006,2,103.42,0,206.84,West
O100210,23-06-2025,C0282,P028,1,438.8,5,416.86,West
O100211,22-04-2024,C0060,P004,3,213.85,10,577.4,West
O100212,13-05-2024,C0348,P023,3,365.92,10,987.98,West
O100213,02-04-2025,C0371,P016,1,100.18,5,95.17,West
O100214,25-10-2024,C0182,P036,1,397.08,0,397.08,East
O100215,23-10-2024,C0005,P029,1,252.12,15,214.3,South
O100216,27-12-2023,C0529,P028,2,438.8,15,745.96,South
O100217,19-05-2025,C0549,P006,1,103.42,15,87.91,North
O100218,18-02-2025,C0682,P035,1,431.25,10,388.12,South
O100219,04-07-2025,C0075,P047,1,271.99,0,271.99,South
O100220,21-05-2025,C0332,P001,1,60.11,0,60.11,North
O100221,28-01-2025,C0305,P048,1,459.65,5,436.67,West
O100222,29-03-2025,C0651,P043,1,135.38,5,128.61,South
O100223,23-04-2025,C0167,P019,1,142.6,0,142.6,Central
O100224,09-02-2024,C0210,P002,1,115.49,0,115.49,South
O100225,14-05-2025,C0582,P044,4,256.3,10,922.68,North
O100226,16-12-2023,C0277,P011,1,50.91,10,45.82,West
O100227,01-08-2025,C0670,P028,1,438.8,10,394.92,North
O100228,19-04-2025,C0072,P012,1,303.84,0,303.84,Central
O100229,13-01-2024,C0513,P008,2,405.67,0,811.34,East
O100230,30-05-2024,C0650,P024,1,138.62,15,117.83,West
O100231,29-06-2024,C0435,P008,1,405.67,0,405.67,North
O100232,19-03-2024,C0008,P045,1,152.73,0,152.73,East
O100233,03-03-2024,C0367,P007,2,212.66,10,382.79,North
O100234,15-07-2024,C0309,P014,1,44.01,5,41.81,East
O100235,20-11-2023,C0142,P022,1,40.34,15,34.29,South
O100236,18-03-2024,C0051,P016,1,100.18,0,100.18,North
O100237,29-12-2023,C0584,P023,2,365.92,5,695.25,Central
O100238,06-01-2024,C0669,P030,1,232.13,0,232.13,North
O100239,17-01-2024,C0419,P038,1,266.91,5,253.56,South
O100240,21-11-2024,C0181,P024,1,138.62,0,138.62,North
O100241,14-01-2024,C0524,P003,1,371.63,0,371.63,East
O100242,28-11-2024,C0395,P026,1,118.38,0,118.38,South
O100243,16-05-2025,C0241,P005,2,120.17,0,240.34,East
O100244,24-07-2024,C0083,P039,2,341.74,0,683.48,Central
O100245,09-08-2025,C0137,P019,2,142.6,0,285.2,Central
O100246,24-06-2024,C0445,P048,1,459.65,0,459.65,North
O100247,22-07-2024,C0637,P038,2,266.91,10,480.44,Central
O100248,10-01-2024,C0125,P024,1,138.62,0,138.62,North
O100249,11-12-2024,C0365,P014,1,44.01,0,44.01,South
O100250,09-01-2025,C0339,P006,1,103.42,0,103.42,West
O100251,20-02-2024,C0148,P014,1,44.01,10,39.61,South
O100252,21-08-2025,C0069,P024,2,138.62,0,277.24,East
O100253,22-10-2024,C0099,P031,1,373.77,0,373.77,South
O100254,16-05-2024,C0393,P009,1,350.58,15,297.99,Central
O100255,03-08-2025,C0279,P012,1,303.84,0,303.84,West
O100256,04-12-2024,C0627,P038,2,266.91,15,453.75,East
O100257,02-07-2024,C0470,P019,2,142.6,10,256.68,North
O100258,12-07-2024,C0335,P031,3,373.77,5,1065.24,Central
O100259,09-09-2025,C0234,P004,1,213.85,0,213.85,West
O100260,20-08-2025,C0309,P033,1,184.19,5,174.98,East
O100261,05-10-2024,C0620,P030,2,232.13,0,464.26,East
O100262,28-12-2024,C0646,P029,1,252.12,0,252.12,South
O100263,31-07-2025,C0310,P003,1,371.63,0,371.63,Central
O100264,27-12-2023,C0317,P023,1,365.92,10,329.33,East
O100265,17-07-2025,C0252,P047,1,271.99,5,258.39,North
O100266,27-01-2024,C0256,P001,1,60.11,10,54.1,Central
O100267,17-02-2024,C0393,P019,2,142.6,0,285.2,Central
O100268,16-05-2024,C0013,P041,1,60.22,15,51.19,East
O100269,19-09-2024,C0169,P046,2,103.46,0,206.92,East
O100270,01-07-2024,C0144,P047,1,271.99,0,271.99,South
O100271,02-03-2024,C0325,P033,2,184.19,0,368.38,East
O100272,29-03-2024,C0363,P011,2,50.91,5,96.73,West
O100273,05-09-2025,C0369,P015,1,311.17,10,280.05,South
O100274,14-07-2024,C0086,P010,2,111.58,5,212,East
O100275,11-03-2024,C0644,P002,1,115.49,0,115.49,East
O100276,20-12-2023,C0529,P049,2,14.64,10,26.35,South
O100277,08-04-2025,C0591,P035,1,431.25,0,431.25,South
O100278,22-11-2024,C0581,P033,2,184.19,0,368.38,West
O100279,06-02-2024,C0403,P001,2,60.11,10,108.2,West
O100280,17-06-2024,C0467,P029,1,252.12,0,252.12,East
O100281,22-05-2024,C0459,P010,1,111.58,0,111.58,North
O100282,16-05-2025,C0205,P009,1,350.58,10,315.52,North
O100283,15-08-2025,C0025,P008,1,405.67,0,405.67,North
O100284,13-07-2024,C0700,P034,1,257.22,0,257.22,West
O100285,04-07-2025,C0605,P019,2,142.6,0,285.2,West
O100286,31-10-2024,C0049,P044,2,256.3,15,435.71,North
O100287,23-07-2025,C0297,P034,4,257.22,0,1028.88,East
O100288,19-05-2024,C0211,P049,2,14.64,0,29.28,Central
O100289,26-12-2023,C0447,P018,3,428.38,10,1156.63,North
O100290,24-04-2025,C0673,P043,2,135.38,15,230.15,South
O100291,07-09-2025,C0047,P042,2,6.61,0,13.22,South
O100292,06-02-2025,C0219,P039,2,341.74,10,615.13,North
O100293,24-10-2023,C0641,P038,2,266.91,0,533.82,West
O100294,26-07-2024,C0569,P008,1,405.67,0,405.67,North
O100295,25-07-2024,C0406,P020,2,85.51,5,162.47,East
O100296,29-04-2024,C0033,P009,1,350.58,0,350.58,West
O100297,30-04-2024,C0512,P005,1,120.17,5,114.16,West
O100298,01-02-2024,C0032,P049,1,14.64,15,12.44,West
O100299,08-05-2025,C0098,P005,1,120.17,10,108.15,North
O100300,10-10-2024,C0572,P011,2,50.91,0,101.82,West
O100301,01-10-2024,C0540,P041,1,60.22,10,54.2,Central
O100302,01-01-2025,C0434,P031,2,373.77,0,747.54,East
O100303,16-09-2024,C0236,P012,1,303.84,15,258.26,South
O100304,25-08-2024,C0163,P038,2,266.91,0,533.82,North
O100305,05-11-2024,C0106,P025,1,280.69,0,280.69,North
O100306,22-11-2023,C0020,P018,1,428.38,0,428.38,South
O100307,13-02-2024,C0327,P003,1,371.63,0,371.63,West
O100308,25-08-2025,C0005,P023,1,365.92,0,365.92,South
O100309,10-01-2024,C0154,P011,1,50.91,0,50.91,East
O100310,25-12-2023,C0337,P016,1,100.18,0,100.18,North
O100311,09-11-2024,C0503,P048,1,459.65,0,459.65,North
O100312,11-08-2025,C0568,P040,2,376.68,5,715.69,Central
O100313,14-11-2024,C0184,P013,2,232.42,0,464.84,West
O100314,13-07-2025,C0383,P020,1,85.51,15,72.68,South
O100315,25-03-2024,C0332,P002,2,115.49,5,219.43,North
O100316,23-11-2023,C0267,P037,2,195.46,0,390.92,East
O100317,17-09-2024,C0420,P044,1,256.3,0,256.3,East
O100318,31-12-2024,C0432,P038,1,266.91,10,240.22,East
O100319,01-02-2025,C0145,P032,2,294.37,15,500.43,East
O100320,15-12-2023,C0049,P028,3,438.8,5,1250.58,North
O100321,08-02-2024,C0571,P012,1,303.84,10,273.46,East
O100322,17-05-2025,C0684,P014,1,44.01,10,39.61,Central
O100323,10-11-2024,C0310,P027,1,203.58,0,203.58,Central
O100324,26-07-2025,C0431,P037,1,195.46,5,185.69,North
O100325,29-02-2024,C0664,P041,1,60.22,15,51.19,Central
O100326,08-12-2023,C0072,P044,1,256.3,0,256.3,Central
O100327,26-05-2025,C0537,P013,1,232.42,0,232.42,Central
O100328,24-10-2024,C0300,P044,1,256.3,10,230.67,North
O100329,04-12-2024,C0411,P014,2,44.01,5,83.62,South
O100330,16-12-2023,C0457,P024,1,138.62,10,124.76,West
O100331,02-11-2023,C0646,P007,1,212.66,5,202.03,South
O100332,09-12-2023,C0207,P037,1,195.46,0,195.46,East
O100333,11-09-2024,C0228,P032,2,294.37,15,500.43,Central
O100334,07-06-2025,C0278,P010,2,111.58,5,212,North
O100335,16-02-2024,C0632,P034,1,257.22,10,231.5,North
O100336,23-10-2023,C0243,P017,2,117.81,15,200.28,East
O100337,23-07-2025,C0307,P019,2,142.6,15,242.42,Central
O100338,04-12-2024,C0573,P024,1,138.62,5,131.69,East
O100339,24-03-2024,C0470,P026,1,118.38,15,100.62,North
O100340,27-09-2024,C0279,P004,2,213.85,15,363.54,West
O100341,29-12-2023,C0500,P019,2,142.6,15,242.42,North
O100342,15-11-2024,C0267,P040,1,376.68,5,357.85,East
O100343,09-06-2025,C0130,P002,1,115.49,0,115.49,West
O100344,01-12-2023,C0484,P002,1,115.49,0,115.49,South
O100345,29-10-2023,C0523,P007,1,212.66,0,212.66,Central
O100346,16-11-2023,C0319,P022,2,40.34,10,72.61,West
O100347,26-04-2024,C0090,P021,1,137.15,0,137.15,East
O100348,14-07-2025,C0026,P015,3,311.17,5,886.83,East
O100349,26-12-2023,C0210,P035,2,431.25,5,819.38,South
O100350,01-12-2023,C0221,P017,1,117.81,15,100.14,South
O100351,10-08-2024,C0444,P048,1,459.65,5,436.67,East
O100352,15-05-2024,C0225,P015,2,311.17,10,560.11,North
O100353,12-10-2024,C0686,P018,1,428.38,10,385.54,North
O100354,29-09-2025,C0377,P041,1,60.22,15,51.19,South
O100355,11-10-2024,C0277,P036,1,397.08,0,397.08,West
O100356,05-12-2024,C0595,P046,1,103.46,0,103.46,Central
O100357,16-04-2025,C0102,P038,1,266.91,0,266.91,Central
O100358,12-03-2025,C0486,P038,2,266.91,5,507.13,Central
O100359,02-11-2024,C0570,P019,2,142.6,5,270.94,East
O100360,07-06-2024,C0435,P024,2,138.62,0,277.24,North
O100361,04-04-2025,C0344,P025,1,280.69,10,252.62,East
O100362,28-02-2025,C0400,P001,1,60.11,5,57.1,Central
O100363,30-05-2025,C0233,P006,1,103.42,0,103.42,South
O100364,12-05-2025,C0398,P048,1,459.65,0,459.65,North
O100365,30-07-2025,C0686,P049,1,14.64,0,14.64,North
O100366,19-12-2024,C0059,P049,1,14.64,10,13.18,West
O100367,06-07-2025,C0349,P018,1,428.38,10,385.54,Central
O100368,16-05-2024,C0496,P024,1,138.62,5,131.69,Central
O100369,13-04-2024,C0323,P039,1,341.74,0,341.74,South
O100370,26-04-2024,C0473,P023,1,365.92,0,365.92,South
O100371,09-09-2025,C0675,P002,1,115.49,10,103.94,West
O100372,10-12-2023,C0458,P017,1,117.81,0,117.81,East
O100373,07-11-2024,C0537,P050,1,123.53,15,105,Central
O100374,24-01-2024,C0160,P029,3,252.12,5,718.54,East
O100375,05-06-2025,C0032,P005,1,120.17,10,108.15,West
O100376,14-02-2024,C0376,P046,1,103.46,15,87.94,South
O100377,27-09-2024,C0410,P023,1,365.92,10,329.33,South
O100378,13-05-2025,C0066,P021,2,137.15,0,274.3,South
O100379,04-05-2025,C0366,P022,2,40.34,0,80.68,South
O100380,15-04-2025,C0696,P023,2,365.92,0,731.84,East
O100381,08-11-2023,C0356,P011,1,50.91,10,45.82,South
O100382,17-01-2024,C0660,P048,2,459.65,10,827.37,Central
O100383,01-05-2025,C0408,P008,1,405.67,0,405.67,Central
O100384,26-07-2024,C0138,P043,2,135.38,0,270.76,West
O100385,03-09-2025,C0575,P011,1,50.91,15,43.27,West
O100386,23-08-2024,C0397,P040,1,376.68,15,320.18,North
O100387,09-10-2024,C0429,P006,1,103.42,5,98.25,East
O100388,25-11-2023,C0244,P028,1,438.8,15,372.98,Central
O100389,16-02-2025,C0483,P021,1,137.15,10,123.44,Central
O100390,20-07-2024,C0228,P031,1,373.77,5,355.08,Central
O100391,31-01-2024,C0071,P017,1,117.81,0,117.81,West
O100392,30-12-2024,C0464,P047,2,271.99,0,543.98,Central
O100393,15-07-2024,C0377,P006,1,103.42,0,103.42,South
O100394,20-02-2025,C0571,P041,2,60.22,5,114.42,East
O100395,19-04-2024,C0377,P046,3,103.46,0,310.38,South
O100396,15-02-2025,C0374,P015,1,311.17,0,311.17,East
O100397,05-12-2024,C0388,P016,4,100.18,0,400.72,East
O100398,24-06-2024,C0146,P025,3,280.69,15,715.76,West
O100399,02-04-2025,C0639,P014,1,44.01,10,39.61,West
O100400,06-10-2024,C0645,P012,1,303.84,0,303.84,West
O100401,23-11-2023,C0582,P011,2,50.91,0,101.82,North
O100402,12-03-2024,C0228,P002,2,115.49,0,230.98,Central
O100403,23-07-2024,C0184,P034,1,257.22,15,218.64,West
O100404,02-07-2024,C0671,P032,1,294.37,0,294.37,South
O100405,02-01-2025,C0007,P049,1,14.64,5,13.91,Central
O100406,21-09-2024,C0567,P037,1,195.46,10,175.91,East
O100407,21-05-2024,C0144,P046,1,103.46,15,87.94,South
O100408,25-04-2024,C0349,P024,2,138.62,0,277.24,Central
O100409,15-08-2024,C0661,P007,1,212.66,5,202.03,Central
O100410,05-05-2025,C0480,P029,3,252.12,10,680.72,East
O100411,27-03-2025,C0651,P023,1,365.92,0,365.92,South
O100412,06-02-2024,C0205,P006,1,103.42,15,87.91,North
O100413,29-05-2025,C0406,P034,2,257.22,0,514.44,East
O100414,03-02-2025,C0224,P019,1,142.6,5,135.47,South
O100415,25-08-2025,C0039,P021,1,137.15,0,137.15,North
O100416,31-12-2023,C0035,P042,2,6.61,0,13.22,North
O100417,12-06-2024,C0188,P012,1,303.84,10,273.46,West
O100418,02-10-2024,C0406,P003,1,371.63,15,315.89,East
O100419,29-03-2024,C0024,P049,2,14.64,5,27.82,North
O100420,04-07-2025,C0060,P035,2,431.25,0,862.5,West
O100421,20-10-2023,C0102,P037,1,195.46,0,195.46,Central
O100422,07-05-2024,C0375,P011,3,50.91,10,137.46,South
O100423,12-06-2025,C0210,P044,2,256.3,15,435.71,South
O100424,30-12-2024,C0391,P018,2,428.38,10,771.08,North
O100425,24-07-2025,C0542,P024,2,138.62,5,263.38,South
O100426,06-05-2025,C0323,P048,1,459.65,15,390.7,South
O100427,11-01-2025,C0541,P011,1,50.91,0,50.91,Central
O100428,14-07-2024,C0378,P010,3,111.58,0,334.74,North
O100429,10-05-2024,C0429,P039,1,341.74,0,341.74,East
O100430,20-05-2025,C0147,P020,1,85.51,0,85.51,South
O100431,27-07-2024,C0156,P025,1,280.69,0,280.69,North
O100432,16-07-2025,C0391,P027,1,203.58,5,193.4,North
O100433,04-03-2025,C0351,P017,1,117.81,5,111.92,West
O100434,13-07-2024,C0586,P002,1,115.49,0,115.49,East
O100435,25-10-2024,C0443,P031,1,373.77,15,317.7,East
O100436,20-09-2025,C0385,P008,1,405.67,0,405.67,North
O100437,19-08-2024,C0442,P033,2,184.19,0,368.38,West
O100438,24-08-2025,C0371,P009,1,350.58,0,350.58,West
O100439,07-09-2024,C0525,P032,1,294.37,0,294.37,North
O100440,21-05-2024,C0354,P035,1,431.25,0,431.25,East
O100441,30-09-2024,C0379,P011,2,50.91,0,101.82,Central
O100442,18-02-2025,C0667,P046,3,103.46,0,310.38,Central
O100443,17-09-2024,C0667,P011,2,50.91,15,86.55,Central
O100444,26-07-2025,C0470,P036,1,397.08,10,357.37,North
O100445,29-09-2024,C0289,P025,1,280.69,0,280.69,North
O100446,02-03-2025,C0504,P032,1,294.37,0,294.37,East
O100447,19-09-2025,C0294,P028,1,438.8,5,416.86,South
O100448,25-11-2024,C0576,P031,4,373.77,5,1420.33,West
O100449,08-07-2025,C0058,P028,1,438.8,0,438.8,North
O100450,22-12-2023,C0228,P042,2,6.61,0,13.22,Central
O100451,08-11-2024,C0004,P008,2,405.67,0,811.34,Central
O100452,21-05-2025,C0466,P019,1,142.6,10,128.34,East
O100453,30-05-2025,C0680,P014,3,44.01,0,132.03,Central
O100454,08-09-2025,C0597,P043,1,135.38,15,115.07,East
O100455,28-12-2024,C0333,P038,1,266.91,0,266.91,West
O100456,21-06-2024,C0645,P026,2,118.38,5,224.92,West
O100457,05-11-2023,C0550,P010,1,111.58,0,111.58,East
O100458,28-05-2025,C0417,P049,1,14.64,5,13.91,Central
O100459,26-10-2023,C0370,P003,1,371.63,10,334.47,South
O100460,24-06-2024,C0007,P030,2,232.13,0,464.26,Central
O100461,15-07-2024,C0189,P031,1,373.77,0,373.77,West
O100462,26-01-2024,C0316,P002,1,115.49,15,98.17,Central
O100463,12-10-2025,C0362,P048,2,459.65,0,919.3,East
O100464,28-07-2025,C0406,P002,1,115.49,0,115.49,East
O100465,28-09-2025,C0635,P033,1,184.19,0,184.19,East
O100466,28-01-2025,C0508,P016,1,100.18,0,100.18,Central
O100467,11-03-2025,C0459,P007,3,212.66,0,637.98,North
O100468,17-05-2025,C0070,P001,1,60.11,15,51.09,North
O100469,04-04-2024,C0086,P014,1,44.01,0,44.01,East
O100470,02-02-2024,C0173,P025,1,280.69,10,252.62,East
O100471,25-04-2024,C0153,P025,2,280.69,0,561.38,West
O100472,10-08-2024,C0320,P043,2,135.38,0,270.76,West
O100473,26-06-2025,C0376,P006,1,103.42,0,103.42,South
O100474,26-12-2024,C0288,P001,1,60.11,10,54.1,North
O100475,16-02-2025,C0573,P008,3,405.67,0,1217.01,East
O100476,13-12-2024,C0530,P015,1,311.17,15,264.49,South
O100477,15-06-2025,C0259,P048,1,459.65,15,390.7,West
O100478,30-08-2025,C0454,P008,1,405.67,10,365.1,Central
O100479,15-02-2025,C0671,P002,1,115.49,15,98.17,South
O100480,14-08-2024,C0471,P006,1,103.42,0,103.42,Central
O100481,02-01-2024,C0388,P029,1,252.12,0,252.12,East
O100482,19-01-2024,C0075,P008,2,405.67,0,811.34,South
O100483,06-07-2024,C0295,P010,1,111.58,10,100.42,North
O100484,14-08-2025,C0672,P046,2,103.46,5,196.57,East
O100485,26-06-2025,C0432,P044,1,256.3,0,256.3,East
O100486,24-05-2024,C0662,P019,2,142.6,0,285.2,South
O100487,14-02-2024,C0449,P026,2,118.38,10,213.08,North
O100488,17-04-2024,C0427,P029,1,252.12,0,252.12,South
O100489,01-10-2025,C0212,P030,2,232.13,0,464.26,North
O100490,09-01-2024,C0337,P015,2,311.17,0,622.34,North
O100491,08-05-2024,C0005,P047,1,271.99,0,271.99,South
O100492,08-03-2024,C0113,P020,1,85.51,5,81.23,East
O100493,12-02-2025,C0444,P011,3,50.91,15,129.82,East
O100494,23-05-2025,C0131,P019,1,142.6,5,135.47,North
O100495,23-12-2024,C0149,P021,2,137.15,10,246.87,North
O100496,04-08-2024,C0660,P026,1,118.38,0,118.38,Central
O100497,16-10-2025,C0253,P020,2,85.51,0,171.02,West
O100498,27-01-2024,C0179,P009,1,350.58,0,350.58,East
O100499,21-10-2024,C0605,P033,1,184.19,0,184.19,West
O100500,13-02-2025,C0595,P019,2,142.6,5,270.94,Central
O100501,12-03-2024,C0038,P006,1,103.42,5,98.25,West
O100502,17-08-2024,C0296,P019,1,142.6,0,142.6,South
O100503,09-04-2025,C0695,P047,1,271.99,0,271.99,Central
O100504,07-12-2023,C0564,P007,3,212.66,0,637.98,East
O100505,03-12-2023,C0142,P023,1,365.92,10,329.33,South
O100506,22-07-2025,C0409,P029,1,252.12,5,239.51,North
O100507,29-04-2024,C0507,P008,1,405.67,0,405.67,South
O100508,13-10-2024,C0312,P018,1,428.38,0,428.38,Central
O100509,09-08-2025,C0641,P046,1,103.46,0,103.46,West
O100510,27-04-2024,C0075,P015,1,311.17,0,311.17,South
O100511,08-04-2024,C0499,P021,2,137.15,0,274.3,South
O100512,16-05-2024,C0377,P048,1,459.65,5,436.67,South
O100513,16-05-2024,C0682,P044,1,256.3,10,230.67,South
O100514,29-03-2024,C0530,P048,1,459.65,0,459.65,South
O100515,27-09-2025,C0252,P006,1,103.42,0,103.42,North
O100516,13-09-2024,C0584,P030,1,232.13,5,220.52,Central
O100517,23-06-2024,C0067,P005,1,120.17,0,120.17,Central
O100518,03-09-2025,C0629,P015,1,311.17,15,264.49,South
O100519,06-01-2024,C0062,P009,1,350.58,0,350.58,West
O100520,16-09-2024,C0159,P047,2,271.99,10,489.58,North
O100521,30-09-2024,C0556,P001,1,60.11,5,57.1,South
O100522,31-01-2025,C0055,P043,1,135.38,0,135.38,West
O100523,01-10-2025,C0368,P039,1,341.74,15,290.48,Central
O100524,17-10-2024,C0603,P024,1,138.62,0,138.62,East
O100525,09-08-2025,C0127,P046,1,103.46,10,93.11,North
O100526,29-10-2024,C0144,P039,1,341.74,5,324.65,South
O100527,13-02-2025,C0469,P019,1,142.6,15,121.21,Central
O100528,15-12-2023,C0640,P046,2,103.46,0,206.92,North
O100529,13-01-2024,C0217,P037,1,195.46,5,185.69,South
O100530,03-07-2025,C0366,P023,2,365.92,15,622.06,South
O100531,01-03-2024,C0017,P047,2,271.99,0,543.98,South
O100532,11-11-2024,C0210,P009,1,350.58,10,315.52,South
O100533,03-06-2025,C0603,P039,2,341.74,15,580.96,East
O100534,02-09-2025,C0226,P036,1,397.08,10,357.37,South
O100535,22-10-2024,C0482,P003,2,371.63,0,743.26,North
O100536,06-04-2024,C0360,P026,1,118.38,10,106.54,West
O100537,05-11-2024,C0628,P020,1,85.51,0,85.51,West
O100538,29-12-2023,C0464,P027,1,203.58,0,203.58,Central
O100539,21-04-2025,C0653,P007,2,212.66,15,361.52,South
O100540,16-11-2023,C0049,P037,1,195.46,5,185.69,North
O100541,29-06-2024,C0519,P025,1,280.69,10,252.62,West
O100542,05-11-2023,C0563,P023,1,365.92,0,365.92,East
O100543,14-06-2024,C0490,P029,2,252.12,0,504.24,North
O100544,10-01-2024,C0089,P034,1,257.22,0,257.22,East
O100545,14-04-2025,C0107,P031,2,373.77,10,672.79,South
O100546,01-06-2025,C0552,P027,2,203.58,0,407.16,East
O100547,14-08-2025,C0529,P015,1,311.17,0,311.17,South
O100548,06-07-2024,C0060,P041,1,60.22,0,60.22,West
O100549,10-09-2025,C0281,P006,1,103.42,0,103.42,East
O100550,21-12-2024,C0429,P002,2,115.49,0,230.98,East
O100551,25-03-2025,C0372,P043,1,135.38,0,135.38,Central
O100552,03-09-2025,C0647,P030,1,232.13,15,197.31,East
O100553,27-03-2025,C0385,P044,1,256.3,15,217.86,North
O100554,05-09-2025,C0339,P037,2,195.46,15,332.28,West
O100555,28-11-2024,C0232,P036,1,397.08,0,397.08,Central
O100556,04-12-2024,C0514,P002,1,115.49,5,109.72,South
O100557,08-05-2024,C0125,P002,1,115.49,15,98.17,North
O100558,05-09-2024,C0657,P035,1,431.25,10,388.12,South
O100559,09-04-2024,C0638,P006,1,103.42,0,103.42,South
O100560,20-06-2024,C0552,P023,3,365.92,15,933.1,East
O100561,31-01-2025,C0018,P047,2,271.99,15,462.38,East
O100562,10-09-2025,C0313,P041,1,60.22,10,54.2,North
O100563,25-12-2023,C0292,P042,4,6.61,0,26.44,North
O100564,05-04-2025,C0050,P027,1,203.58,5,193.4,Central
O100565,29-12-2024,C0506,P020,1,85.51,0,85.51,West
O100566,17-10-2024,C0457,P050,1,123.53,10,111.18,West
O100567,30-08-2025,C0534,P009,1,350.58,10,315.52,West
O100568,16-12-2023,C0209,P024,1,138.62,5,131.69,North
O100569,12-11-2024,C0094,P035,1,431.25,15,366.56,North
O100570,11-01-2025,C0636,P019,1,142.6,0,142.6,Central
O100571,12-06-2025,C0399,P048,2,459.65,10,827.37,West
O100572,06-10-2024,C0026,P041,1,60.22,5,57.21,East
O100573,27-07-2024,C0405,P017,3,117.81,0,353.43,Central
O100574,03-09-2024,C0291,P046,1,103.46,15,87.94,South
O100575,24-07-2024,C0459,P038,2,266.91,0,533.82,North
O100576,17-09-2024,C0451,P042,3,6.61,0,19.83,Central
O100577,04-11-2024,C0534,P044,1,256.3,15,217.86,West
O100578,09-04-2025,C0637,P011,1,50.91,0,50.91,Central
O100579,27-05-2024,C0165,P020,1,85.51,0,85.51,Central
O100580,09-11-2023,C0415,P004,2,213.85,0,427.7,South
O100581,26-05-2024,C0254,P039,2,341.74,0,683.48,Central
O100582,06-10-2024,C0376,P035,2,431.25,15,733.12,South
O100583,04-05-2024,C0244,P018,2,428.38,0,856.76,Central
O100584,17-01-2025,C0455,P046,1,103.46,15,87.94,West
O100585,25-07-2025,C0133,P011,1,50.91,0,50.91,North
O100586,09-08-2024,C0397,P015,1,311.17,0,311.17,North
O100587,29-07-2025,C0639,P014,2,44.01,0,88.02,West
O100588,03-08-2024,C0610,P041,1,60.22,10,54.2,South
O100589,09-02-2024,C0392,P003,1,371.63,15,315.89,West
O100590,16-04-2025,C0216,P013,1,232.42,10,209.18,West
O100591,07-04-2024,C0423,P042,1,6.61,0,6.61,East
O100592,21-12-2024,C0585,P011,3,50.91,0,152.73,West
O100593,23-11-2024,C0101,P040,2,376.68,0,753.36,West
O100594,04-07-2025,C0155,P012,1,303.84,0,303.84,South
O100595,28-07-2025,C0113,P039,1,341.74,15,290.48,East
O100596,16-11-2024,C0580,P008,2,405.67,0,811.34,East
O100597,11-12-2023,C0630,P050,1,123.53,10,111.18,North
O100598,19-12-2024,C0637,P027,1,203.58,0,203.58,Central
O100599,08-12-2024,C0272,P040,2,376.68,0,753.36,Central
O100600,18-07-2024,C0158,P022,2,40.34,0,80.68,East
O100601,08-02-2024,C0420,P038,2,266.91,0,533.82,East
O100602,07-08-2024,C0183,P028,1,438.8,5,416.86,East
O100603,30-04-2025,C0213,P026,1,118.38,15,100.62,West
O100604,11-11-2023,C0641,P045,2,152.73,0,305.46,West
O100605,20-07-2024,C0054,P006,2,103.42,15,175.81,South
O100606,23-10-2024,C0273,P004,1,213.85,0,213.85,West
O100607,17-07-2024,C0203,P008,1,405.67,0,405.67,Central
O100608,04-09-2025,C0521,P047,2,271.99,5,516.78,South
O100609,21-10-2024,C0261,P014,2,44.01,10,79.22,Central
O100610,27-01-2024,C0211,P013,1,232.42,0,232.42,Central
O100611,29-07-2024,C0184,P010,1,111.58,5,106,West
O100612,09-01-2025,C0445,P020,1,85.51,0,85.51,North
O100613,02-01-2024,C0337,P050,1,123.53,15,105,North
O100614,20-08-2025,C0068,P023,2,365.92,0,731.84,Central
O100615,02-08-2025,C0415,P040,1,376.68,5,357.85,South
O100616,30-11-2023,C0441,P038,1,266.91,0,266.91,Central
O100617,04-01-2024,C0528,P017,1,117.81,0,117.81,West
O100618,28-08-2024,C0305,P019,1,142.6,10,128.34,West
O100619,10-10-2024,C0576,P007,2,212.66,10,382.79,West
O100620,10-05-2024,C0353,P048,2,459.65,10,827.37,North
O100621,22-11-2023,C0244,P021,2,137.15,0,274.3,Central
O100622,07-05-2025,C0296,P040,1,376.68,0,376.68,South
O100623,16-09-2025,C0601,P048,1,459.65,15,390.7,East
O100624,24-05-2025,C0491,P047,1,271.99,0,271.99,South
O100625,03-02-2024,C0530,P017,2,117.81,15,200.28,South
O100626,23-11-2023,C0455,P005,1,120.17,0,120.17,West
O100627,26-07-2024,C0662,P012,1,303.84,5,288.65,South
O100628,12-09-2025,C0569,P028,1,438.8,10,394.92,North
O100629,10-06-2025,C0059,P028,1,438.8,15,372.98,West
O100630,10-08-2025,C0295,P001,1,60.11,0,60.11,North
O100631,18-02-2025,C0426,P044,1,256.3,0,256.3,North
O100632,27-12-2023,C0429,P006,1,103.42,10,93.08,East
O100633,07-10-2024,C0219,P005,1,120.17,0,120.17,North
O100634,12-10-2024,C0184,P038,1,266.91,0,266.91,West
O100635,20-09-2024,C0575,P037,2,195.46,10,351.83,West
O100636,16-03-2024,C0501,P017,1,117.81,0,117.81,West
O100637,14-09-2025,C0193,P016,1,100.18,0,100.18,North
O100638,06-02-2024,C0384,P036,2,397.08,0,794.16,West
O100639,13-05-2025,C0129,P021,1,137.15,10,123.44,Central
O100640,22-11-2023,C0239,P035,1,431.25,5,409.69,South
O100641,14-07-2024,C0610,P001,1,60.11,10,54.1,South
O100642,03-10-2024,C0234,P040,1,376.68,10,339.01,West
O100643,02-10-2024,C0627,P042,1,6.61,0,6.61,East
O100644,20-07-2024,C0481,P007,3,212.66,0,637.98,West
O100645,31-07-2025,C0274,P023,2,365.92,5,695.25,Central
O100646,09-03-2024,C0241,P016,2,100.18,5,190.34,East
O100647,30-05-2025,C0012,P025,2,280.69,5,533.31,South
O100648,23-04-2024,C0327,P012,2,303.84,0,607.68,West
O100649,07-10-2024,C0121,P038,1,266.91,0,266.91,East
O100650,05-09-2024,C0565,P024,1,138.62,5,131.69,North
O100651,30-11-2024,C0290,P026,1,118.38,10,106.54,North
O100652,22-12-2023,C0700,P011,2,50.91,0,101.82,West
O100653,05-01-2025,C0355,P025,1,280.69,10,252.62,West
O100654,04-02-2025,C0251,P038,1,266.91,15,226.87,West
O100655,23-06-2025,C0334,P004,1,213.85,15,181.77,West
O100656,21-09-2025,C0610,P012,1,303.84,5,288.65,South
O100657,10-04-2025,C0700,P025,1,280.69,5,266.66,West
O100658,24-05-2024,C0299,P031,2,373.77,0,747.54,Central
O100659,05-05-2024,C0295,P044,4,256.3,5,973.94,North
O100660,16-09-2024,C0652,P016,2,100.18,5,190.34,West
O100661,21-03-2024,C0212,P046,1,103.46,15,87.94,North
O100662,19-06-2025,C0483,P026,2,118.38,0,236.76,Central
O100663,22-01-2025,C0099,P011,3,50.91,0,152.73,South
O100664,24-01-2025,C0534,P011,1,50.91,5,48.36,West
O100665,28-10-2023,C0515,P028,1,438.8,0,438.8,South
O100666,18-07-2024,C0576,P032,1,294.37,0,294.37,West
O100667,12-03-2025,C0434,P011,2,50.91,15,86.55,East
O100668,30-01-2024,C0652,P005,1,120.17,0,120.17,West
O100669,29-12-2024,C0239,P002,2,115.49,0,230.98,South
O100670,07-11-2023,C0390,P044,1,256.3,0,256.3,West
O100671,02-06-2024,C0584,P043,2,135.38,5,257.22,Central
O100672,27-03-2025,C0374,P045,2,152.73,0,305.46,East
O100673,14-06-2025,C0198,P022,1,40.34,0,40.34,West
O100674,01-06-2025,C0198,P043,1,135.38,10,121.84,West
O100675,03-08-2025,C0333,P034,2,257.22,5,488.72,West
O100676,12-07-2024,C0046,P019,1,142.6,0,142.6,South
O100677,24-04-2025,C0125,P030,1,232.13,10,208.92,North
O100678,18-10-2023,C0087,P048,1,459.65,0,459.65,East
O100679,19-07-2024,C0238,P044,1,256.3,0,256.3,Central
O100680,20-07-2025,C0246,P018,1,428.38,10,385.54,South
O100681,19-11-2023,C0556,P042,1,6.61,10,5.95,South
O100682,24-11-2024,C0074,P042,1,6.61,0,6.61,North
O100683,04-12-2023,C0638,P033,1,184.19,0,184.19,South
O100684,27-10-2024,C0163,P045,1,152.73,0,152.73,North
O100685,22-10-2023,C0486,P048,1,459.65,0,459.65,Central
O100686,12-08-2025,C0258,P029,1,252.12,0,252.12,East
O100687,02-04-2024,C0470,P037,1,195.46,0,195.46,North
O100688,10-04-2024,C0598,P038,1,266.91,0,266.91,West
O100689,24-12-2024,C0601,P028,1,438.8,15,372.98,East
O100690,14-12-2024,C0625,P050,1,123.53,0,123.53,North
O100691,09-05-2025,C0519,P034,1,257.22,0,257.22,West
O100692,20-10-2023,C0176,P006,1,103.42,5,98.25,Central
O100693,22-10-2023,C0026,P029,2,252.12,0,504.24,East
O100694,31-10-2023,C0534,P004,1,213.85,10,192.46,West
O100695,03-01-2024,C0027,P032,2,294.37,0,588.74,Central
O100696,22-04-2025,C0601,P008,2,405.67,0,811.34,East
O100697,12-10-2024,C0454,P034,1,257.22,0,257.22,Central
O100698,15-05-2024,C0163,P018,1,428.38,0,428.38,North
O100699,02-03-2025,C0491,P036,1,397.08,15,337.52,South
O100700,15-06-2025,C0415,P046,2,103.46,0,206.92,South
O100701,26-03-2025,C0529,P007,1,212.66,0,212.66,South
O100702,28-05-2025,C0448,P036,1,397.08,15,337.52,East
O100703,17-02-2025,C0363,P019,1,142.6,10,128.34,West
O100704,30-05-2024,C0083,P021,3,137.15,5,390.88,Central
O100705,21-09-2025,C0100,P047,1,271.99,0,271.99,East
O100706,13-10-2024,C0479,P001,1,60.11,5,57.1,South
O100707,29-03-2024,C0495,P022,1,40.34,0,40.34,South
O100708,10-03-2024,C0397,P039,2,341.74,0,683.48,North
O100709,05-10-2024,C0113,P044,1,256.3,15,217.86,East
O100710,26-06-2024,C0201,P008,1,405.67,5,385.39,South
O100711,01-04-2024,C0441,P035,1,431.25,0,431.25,Central
O100712,07-06-2025,C0177,P032,1,294.37,0,294.37,South
O100713,30-01-2024,C0356,P043,2,135.38,0,270.76,South
O100714,21-07-2025,C0284,P011,1,50.91,0,50.91,North
O100715,11-08-2025,C0447,P050,1,123.53,0,123.53,North
O100716,05-12-2024,C0556,P012,1,303.84,10,273.46,South
O100717,05-09-2024,C0280,P020,1,85.51,0,85.51,South
O100718,14-06-2024,C0030,P006,1,103.42,0,103.42,Central
O100719,27-04-2024,C0578,P018,1,428.38,0,428.38,Central
O100720,23-08-2024,C0016,P042,1,6.61,5,6.28,North
O100721,24-08-2024,C0234,P032,2,294.37,10,529.87,West
O100722,08-03-2024,C0173,P050,1,123.53,15,105,East
O100723,03-08-2025,C0560,P015,2,311.17,5,591.22,South
O100724,11-06-2025,C0537,P002,1,115.49,0,115.49,Central
O100725,27-11-2024,C0269,P021,3,137.15,10,370.31,South
O100726,30-12-2023,C0599,P029,3,252.12,0,756.36,South
O100727,03-08-2025,C0008,P046,2,103.46,0,206.92,East
O100728,14-07-2024,C0461,P017,2,117.81,0,235.62,West
O100729,27-06-2024,C0419,P001,1,60.11,0,60.11,South
O100730,21-11-2023,C0108,P020,3,85.51,10,230.88,North
O100731,06-05-2024,C0432,P004,3,213.85,15,545.32,East
O100732,30-10-2024,C0322,P018,1,428.38,5,406.96,South
O100733,08-06-2025,C0104,P027,1,203.58,5,193.4,Central
O100734,01-04-2024,C0020,P003,1,371.63,10,334.47,South
O100735,01-01-2024,C0410,P034,1,257.22,0,257.22,South
O100736,24-02-2024,C0074,P050,1,123.53,0,123.53,North
O100737,14-04-2025,C0533,P012,1,303.84,0,303.84,Central
O100738,07-06-2025,C0469,P044,1,256.3,0,256.3,Central
O100739,31-07-2024,C0518,P007,1,212.66,5,202.03,East
O100740,21-05-2024,C0190,P037,1,195.46,0,195.46,South
O100741,22-08-2025,C0624,P006,3,103.42,0,310.26,Central
O100742,12-06-2025,C0233,P007,1,212.66,5,202.03,South
O100743,05-05-2024,C0459,P037,2,195.46,10,351.83,North
O100744,14-05-2025,C0367,P005,1,120.17,15,102.14,North
O100745,10-12-2024,C0616,P038,1,266.91,5,253.56,North
O100746,02-05-2025,C0346,P044,2,256.3,5,486.97,South
O100747,05-05-2025,C0541,P010,3,111.58,5,318,Central
O100748,21-11-2024,C0139,P026,1,118.38,10,106.54,South
O100749,22-10-2023,C0431,P015,3,311.17,0,933.51,North
O100750,01-03-2025,C0405,P043,1,135.38,0,135.38,Central
O100751,28-10-2024,C0457,P029,1,252.12,0,252.12,West
O100752,04-05-2024,C0654,P010,2,111.58,0,223.16,Central
O100753,31-12-2024,C0083,P003,1,371.63,0,371.63,Central
O100754,29-07-2025,C0001,P035,1,431.25,0,431.25,North
O100755,03-02-2025,C0431,P034,3,257.22,15,655.91,North
O100756,30-03-2025,C0275,P020,1,85.51,15,72.68,North
O100757,06-01-2024,C0028,P003,1,371.63,0,371.63,East
O100758,01-04-2024,C0188,P034,1,257.22,0,257.22,West
O100759,09-01-2025,C0240,P025,1,280.69,10,252.62,West
O100760,11-06-2025,C0695,P040,1,376.68,0,376.68,Central
O100761,16-01-2024,C0100,P014,1,44.01,15,37.41,East
O100762,11-12-2024,C0045,P005,2,120.17,0,240.34,Central
O100763,27-01-2024,C0367,P003,2,371.63,10,668.93,North
O100764,19-04-2024,C0015,P045,3,152.73,10,412.37,Central
O100765,14-07-2025,C0466,P041,2,60.22,10,108.4,East
O100766,21-05-2024,C0491,P047,4,271.99,0,1087.96,South
O100767,31-12-2023,C0434,P034,1,257.22,5,244.36,East
O100768,28-04-2025,C0241,P004,1,213.85,0,213.85,East
O100769,19-02-2024,C0469,P013,1,232.42,5,220.8,Central
O100770,02-03-2024,C0307,P020,1,85.51,5,81.23,Central
O100771,13-05-2025,C0151,P006,2,103.42,5,196.5,West
O100772,25-04-2025,C0359,P009,1,350.58,5,333.05,Central
O100773,13-12-2023,C0543,P043,1,135.38,0,135.38,East
O100774,17-01-2024,C0137,P010,1,111.58,0,111.58,Central
O100775,06-02-2024,C0285,P024,1,138.62,5,131.69,North
O100776,06-11-2024,C0245,P043,1,135.38,0,135.38,South
O100777,19-03-2024,C0308,P050,2,123.53,10,222.35,South
O100778,05-09-2025,C0196,P033,1,184.19,0,184.19,Central
O100779,18-09-2025,C0039,P007,3,212.66,0,637.98,North
O100780,26-07-2025,C0538,P014,1,44.01,5,41.81,East
O100781,01-09-2025,C0089,P024,1,138.62,5,131.69,East
O100782,31-12-2023,C0481,P032,2,294.37,0,588.74,West
O100783,06-03-2024,C0131,P003,1,371.63,0,371.63,North
O100784,19-01-2025,C0366,P049,2,14.64,0,29.28,South
O100785,21-12-2023,C0480,P023,1,365.92,5,347.62,East
O100786,16-03-2025,C0611,P038,1,266.91,0,266.91,West
O100787,11-03-2024,C0037,P032,2,294.37,5,559.3,West
O100788,17-08-2024,C0677,P006,2,103.42,0,206.84,North
O100789,24-01-2024,C0439,P020,1,85.51,5,81.23,Central
O100790,02-01-2024,C0587,P033,1,184.19,5,174.98,South
O100791,16-09-2025,C0634,P031,1,373.77,0,373.77,West
O100792,26-05-2024,C0646,P037,1,195.46,15,166.14,South
O100793,14-01-2024,C0094,P038,1,266.91,0,266.91,North
O100794,07-04-2024,C0024,P002,1,115.49,0,115.49,North
O100795,25-12-2024,C0691,P008,1,405.67,0,405.67,North
O100796,30-12-2023,C0543,P005,2,120.17,0,240.34,East
O100797,12-12-2024,C0647,P022,1,40.34,10,36.31,East
O100798,10-06-2024,C0605,P035,1,431.25,5,409.69,West
O100799,09-02-2025,C0035,P039,1,341.74,0,341.74,North
O100800,16-11-2023,C0657,P031,1,373.77,5,355.08,South
O100801,28-08-2024,C0307,P018,1,428.38,0,428.38,Central
O100802,17-12-2024,C0115,P012,1,303.84,0,303.84,West
O100803,10-07-2024,C0232,P014,1,44.01,15,37.41,Central
O100804,04-08-2025,C0515,P038,1,266.91,15,226.87,South
O100805,12-11-2023,C0624,P039,1,341.74,0,341.74,Central
O100806,17-08-2025,C0299,P010,2,111.58,5,212,Central
O100807,09-05-2025,C0033,P017,1,117.81,0,117.81,West
O100808,24-07-2024,C0456,P024,1,138.62,0,138.62,West
O100809,18-08-2024,C0173,P037,2,195.46,10,351.83,East
O100810,09-06-2024,C0668,P020,2,85.51,5,162.47,South
O100811,29-06-2024,C0682,P027,1,203.58,0,203.58,South
O100812,23-03-2025,C0331,P029,1,252.12,0,252.12,South
O100813,03-11-2024,C0394,P012,1,303.84,15,258.26,North
O100814,04-02-2024,C0263,P021,1,137.15,10,123.44,South
O100815,23-05-2025,C0623,P037,1,195.46,15,166.14,Central
O100816,01-12-2024,C0255,P028,1,438.8,0,438.8,North
O100817,25-11-2024,C0410,P010,1,111.58,0,111.58,South
O100818,29-10-2024,C0126,P046,1,103.46,5,98.29,South
O100819,04-09-2024,C0632,P015,2,311.17,0,622.34,North
O100820,06-06-2025,C0003,P027,3,203.58,15,519.13,North
O100821,03-10-2024,C0185,P030,1,232.13,10,208.92,West
O100822,08-05-2024,C0094,P003,3,371.63,10,1003.4,North
O100823,21-03-2024,C0164,P048,1,459.65,0,459.65,East
O100824,01-07-2025,C0514,P040,1,376.68,5,357.85,South
O100825,25-11-2024,C0038,P045,2,152.73,0,305.46,West
O100826,12-02-2025,C0256,P017,1,117.81,0,117.81,Central
O100827,27-06-2024,C0566,P041,1,60.22,5,57.21,West
O100828,14-06-2025,C0518,P045,2,152.73,0,305.46,East
O100829,17-01-2025,C0660,P004,2,213.85,0,427.7,Central
O100830,14-07-2024,C0064,P011,1,50.91,0,50.91,West
O100831,06-02-2025,C0297,P033,1,184.19,15,156.56,East
O100832,26-05-2025,C0203,P030,1,232.13,0,232.13,Central
O100833,10-07-2025,C0096,P024,2,138.62,15,235.65,East
O100834,27-08-2025,C0010,P017,1,117.81,10,106.03,South
O100835,24-12-2024,C0696,P029,2,252.12,15,428.6,East
O100836,19-09-2024,C0194,P046,2,103.46,5,196.57,East
O100837,26-01-2024,C0058,P018,1,428.38,0,428.38,North
O100838,15-08-2024,C0412,P017,1,117.81,10,106.03,North
O100839,05-02-2025,C0208,P050,2,123.53,0,247.06,South
O100840,07-05-2025,C0477,P008,1,405.67,0,405.67,North
O100841,16-11-2024,C0146,P030,1,232.13,0,232.13,West
O100842,05-03-2024,C0456,P042,1,6.61,5,6.28,West
O100843,01-12-2024,C0509,P042,1,6.61,10,5.95,East
O100844,06-04-2025,C0209,P018,1,428.38,5,406.96,North
O100845,07-05-2025,C0043,P047,2,271.99,0,543.98,North
O100846,25-05-2024,C0659,P034,1,257.22,15,218.64,North
O100847,08-05-2024,C0453,P005,1,120.17,10,108.15,East
O100848,26-06-2024,C0554,P005,1,120.17,0,120.17,South
O100849,25-05-2024,C0511,P047,1,271.99,15,231.19,Central
O100850,06-12-2024,C0226,P038,1,266.91,15,226.87,South
O100851,26-05-2024,C0128,P029,2,252.12,0,504.24,East
O100852,24-09-2025,C0241,P039,1,341.74,15,290.48,East
O100853,17-07-2025,C0376,P019,1,142.6,0,142.6,South
O100854,10-09-2024,C0246,P030,1,232.13,5,220.52,South
O100855,18-05-2024,C0588,P007,1,212.66,10,191.39,East
O100856,06-07-2024,C0186,P030,1,232.13,0,232.13,East
O100857,13-02-2025,C0021,P020,1,85.51,0,85.51,South
O100858,11-03-2025,C0533,P018,1,428.38,10,385.54,Central
O100859,28-02-2024,C0675,P034,2,257.22,10,463,West
O100860,21-10-2024,C0333,P002,2,115.49,15,196.33,West
O100861,29-08-2025,C0055,P016,1,100.18,10,90.16,West
O100862,27-08-2025,C0387,P021,1,137.15,0,137.15,West
O100863,02-01-2025,C0328,P022,1,40.34,15,34.29,West
O100864,29-05-2024,C0627,P024,1,138.62,10,124.76,East
O100865,14-02-2024,C0556,P039,1,341.74,0,341.74,South
O100866,18-12-2023,C0233,P042,1,6.61,0,6.61,South
O100867,29-11-2023,C0096,P005,4,120.17,0,480.68,East
O100868,23-06-2024,C0068,P019,1,142.6,15,121.21,Central
O100869,29-12-2024,C0116,P015,1,311.17,0,311.17,North
O100870,16-04-2024,C0608,P048,1,459.65,10,413.68,North
O100871,09-10-2025,C0139,P044,1,256.3,10,230.67,South
O100872,29-06-2025,C0366,P013,1,232.42,0,232.42,South
O100873,02-08-2024,C0218,P046,1,103.46,5,98.29,North
O100874,02-06-2025,C0653,P026,1,118.38,10,106.54,South
O100875,20-01-2025,C0403,P031,2,373.77,0,747.54,West
O100876,08-10-2024,C0124,P025,1,280.69,0,280.69,North
O100877,31-08-2024,C0676,P049,1,14.64,0,14.64,North
O100878,08-10-2024,C0417,P020,1,85.51,10,76.96,Central
O100879,01-09-2025,C0199,P009,3,350.58,0,1051.74,South
O100880,02-09-2024,C0662,P009,3,350.58,10,946.57,South
O100881,26-08-2025,C0361,P007,1,212.66,0,212.66,Central
O100882,13-03-2024,C0508,P018,1,428.38,0,428.38,Central
O100883,21-03-2024,C0695,P049,1,14.64,0,14.64,Central
O100884,01-04-2025,C0077,P008,1,405.67,0,405.67,South
O100885,11-10-2024,C0479,P004,3,213.85,0,641.55,South
O100886,30-03-2024,C0105,P048,1,459.65,0,459.65,Central
O100887,26-12-2024,C0442,P021,1,137.15,0,137.15,West
O100888,03-08-2025,C0287,P027,1,203.58,0,203.58,East
O100889,17-09-2024,C0084,P032,1,294.37,0,294.37,Central
O100890,19-05-2024,C0157,P049,3,14.64,10,39.53,South
O100891,13-07-2024,C0374,P031,2,373.77,0,747.54,East
O100892,02-04-2024,C0364,P040,1,376.68,5,357.85,East
O100893,04-01-2025,C0593,P029,1,252.12,0,252.12,North
O100894,18-01-2024,C0130,P017,1,117.81,10,106.03,West
O100895,21-11-2023,C0485,P028,1,438.8,5,416.86,South
O100896,31-01-2024,C0664,P020,1,85.51,10,76.96,Central
O100897,18-06-2025,C0688,P021,2,137.15,10,246.87,West
O100898,08-06-2025,C0330,P044,1,256.3,0,256.3,East
O100899,10-07-2025,C0013,P006,1,103.42,5,98.25,East
O100900,09-09-2024,C0276,P009,1,350.58,5,333.05,West
O100901,30-09-2024,C0465,P037,1,195.46,0,195.46,West
O100902,04-11-2024,C0502,P011,1,50.91,15,43.27,Central
O100903,25-03-2024,C0159,P033,1,184.19,0,184.19,North
O100904,08-10-2024,C0553,P004,2,213.85,0,427.7,West
O100905,23-05-2025,C0417,P022,2,40.34,10,72.61,Central
O100906,28-03-2025,C0325,P023,1,365.92,0,365.92,East
O100907,09-02-2024,C0461,P016,1,100.18,0,100.18,West
O100908,14-05-2024,C0164,P011,1,50.91,15,43.27,East
O100909,01-09-2024,C0185,P042,1,6.61,10,5.95,West
O100910,23-05-2024,C0189,P033,2,184.19,10,331.54,West
O100911,06-09-2025,C0204,P046,1,103.46,15,87.94,Central
O100912,01-09-2025,C0636,P038,1,266.91,0,266.91,Central
O100913,08-09-2025,C0588,P027,1,203.58,15,173.04,East
O100914,30-05-2025,C0069,P042,1,6.61,5,6.28,East
O100915,18-10-2023,C0141,P027,1,203.58,0,203.58,South
O100916,10-11-2024,C0486,P031,2,373.77,15,635.41,Central
O100917,19-06-2024,C0189,P030,1,232.13,15,197.31,West
O100918,04-05-2024,C0276,P024,2,138.62,10,249.52,West
O100919,07-07-2024,C0132,P014,1,44.01,0,44.01,East
O100920,18-05-2025,C0376,P002,2,115.49,15,196.33,South
O100921,05-02-2024,C0221,P002,1,115.49,10,103.94,South
O100922,08-05-2024,C0360,P030,1,232.13,5,220.52,West
O100923,27-05-2025,C0408,P027,1,203.58,0,203.58,Central
O100924,16-11-2024,C0557,P021,1,137.15,15,116.58,South
O100925,29-01-2024,C0434,P001,1,60.11,10,54.1,East
O100926,25-11-2024,C0227,P044,2,256.3,15,435.71,West
O100927,04-05-2025,C0446,P012,1,303.84,0,303.84,Central
O100928,10-09-2024,C0596,P046,2,103.46,15,175.88,South
O100929,25-01-2024,C0297,P044,1,256.3,5,243.48,East
O100930,15-12-2024,C0585,P021,1,137.15,15,116.58,West
O100931,18-02-2024,C0258,P032,1,294.37,0,294.37,East
O100932,07-11-2024,C0490,P025,1,280.69,15,238.59,North
O100933,16-05-2024,C0664,P050,2,123.53,10,222.35,Central
O100934,14-05-2024,C0057,P028,1,438.8,5,416.86,West
O100935,20-04-2024,C0451,P015,1,311.17,5,295.61,Central
O100936,03-06-2024,C0014,P001,1,60.11,0,60.11,East
O100937,23-10-2023,C0251,P018,1,428.38,15,364.12,West
O100938,20-03-2024,C0561,P035,2,431.25,5,819.38,Central
O100939,15-12-2024,C0263,P025,4,280.69,10,1010.48,South
O100940,18-06-2024,C0554,P022,1,40.34,5,38.32,South
O100941,30-09-2025,C0253,P050,1,123.53,10,111.18,West
O100942,05-10-2024,C0607,P017,2,117.81,0,235.62,East
O100943,12-11-2024,C0203,P004,1,213.85,5,203.16,Central
O100944,28-11-2023,C0421,P048,2,459.65,0,919.3,West
O100945,27-06-2025,C0066,P046,3,103.46,10,279.34,South
O100946,17-08-2024,C0290,P029,2,252.12,10,453.82,North
O100947,28-02-2024,C0060,P025,1,280.69,10,252.62,West
O100948,06-12-2024,C0029,P009,2,350.58,0,701.16,West
O100949,13-11-2023,C0658,P004,1,213.85,0,213.85,Central
O100950,12-01-2024,C0504,P033,1,184.19,10,165.77,East
O100951,20-09-2025,C0429,P021,1,137.15,0,137.15,East
O100952,14-02-2024,C0613,P003,1,371.63,0,371.63,North
O100953,19-06-2024,C0639,P026,2,118.38,15,201.25,West
O100954,19-01-2025,C0233,P022,1,40.34,0,40.34,South
O100955,16-12-2023,C0286,P035,1,431.25,0,431.25,Central
O100956,04-03-2024,C0536,P036,2,397.08,0,794.16,East
O100957,05-03-2024,C0139,P035,1,431.25,0,431.25,South
O100958,26-02-2025,C0147,P008,1,405.67,0,405.67,South
O100959,26-08-2025,C0109,P050,2,123.53,0,247.06,North
O100960,28-02-2024,C0211,P049,1,14.64,5,13.91,Central
O100961,13-06-2024,C0134,P034,2,257.22,5,488.72,East
O100962,26-04-2025,C0523,P049,1,14.64,0,14.64,Central
O100963,29-04-2024,C0593,P021,1,137.15,0,137.15,North
O100964,12-01-2024,C0371,P016,1,100.18,0,100.18,West
O100965,22-01-2024,C0679,P006,2,103.42,10,186.16,East
O100966,23-09-2024,C0141,P028,1,438.8,10,394.92,South
O100967,19-05-2025,C0222,P009,1,350.58,0,350.58,Central
O100968,20-11-2023,C0031,P034,1,257.22,15,218.64,Central
O100969,11-02-2025,C0018,P008,1,405.67,0,405.67,East
O100970,15-09-2025,C0377,P035,2,431.25,15,733.12,South
O100971,10-03-2024,C0603,P031,4,373.77,5,1420.33,East
O100972,31-10-2023,C0301,P030,2,232.13,10,417.83,South
O100973,27-06-2025,C0624,P006,1,103.42,5,98.25,Central
O100974,05-04-2025,C0640,P033,1,184.19,15,156.56,North
O100975,28-09-2025,C0520,P046,3,103.46,0,310.38,West
O100976,23-07-2024,C0290,P023,2,365.92,0,731.84,North
O100977,30-11-2024,C0200,P023,1,365.92,0,365.92,West
O100978,15-08-2024,C0524,P010,1,111.58,10,100.42,East
O100979,15-05-2025,C0089,P010,1,111.58,10,100.42,East
O100980,21-08-2024,C0581,P043,2,135.38,10,243.68,West
O100981,10-11-2023,C0129,P050,2,123.53,0,247.06,Central
O100982,23-03-2025,C0421,P008,1,405.67,0,405.67,West
O100983,23-08-2024,C0178,P006,2,103.42,15,175.81,West
O100984,22-05-2024,C0180,P032,1,294.37,0,294.37,East
O100985,30-01-2024,C0225,P012,1,303.84,15,258.26,North
O100986,22-06-2024,C0520,P045,2,152.73,10,274.91,West
O100987,15-08-2025,C0556,P033,1,184.19,0,184.19,South
O100988,26-10-2023,C0251,P018,1,428.38,5,406.96,West
O100989,29-05-2025,C0622,P025,1,280.69,0,280.69,North
O100990,04-05-2024,C0267,P038,1,266.91,15,226.87,East
O100991,19-03-2025,C0432,P041,1,60.22,5,57.21,East
O100992,22-03-2024,C0468,P046,2,103.46,0,206.92,West
O100993,19-11-2024,C0138,P001,2,60.11,0,120.22,West
O100994,09-12-2023,C0166,P035,2,431.25,0,862.5,North
O100995,15-06-2024,C0061,P024,3,138.62,10,374.27,West
O100996,27-04-2024,C0264,P002,1,115.49,10,103.94,South
O100997,27-09-2024,C0095,P010,1,111.58,5,106,South
O100998,30-11-2024,C0290,P009,1,350.58,0,350.58,North
O100999,23-04-2025,C0286,P010,1,111.58,10,100.42,Central
O101000,04-07-2024,C0091,P020,3,85.51,0,256.53,North
O101001,20-04-2024,C0289,P026,1,118.38,15,100.62,North
O101002,01-11-2024,C0475,P016,1,100.18,0,100.18,West
O101003,06-04-2024,C0445,P045,1,152.73,0,152.73,North
O101004,20-10-2024,C0520,P041,1,60.22,15,51.19,West
O101005,25-11-2023,C0207,P022,1,40.34,15,34.29,East
O101006,20-11-2023,C0235,P048,1,459.65,0,459.65,East
O101007,29-12-2023,C0527,P042,2,6.61,10,11.9,Central
O101008,08-11-2023,C0156,P017,1,117.81,15,100.14,North
O101009,20-01-2025,C0215,P049,1,14.64,5,13.91,West
O101010,01-02-2024,C0182,P040,1,376.68,10,339.01,East
O101011,09-06-2024,C0657,P042,2,6.61,0,13.22,South
O101012,04-04-2025,C0346,P002,1,115.49,10,103.94,South
O101013,07-02-2025,C0405,P003,3,371.63,0,1114.89,Central
O101014,05-01-2025,C0653,P035,4,431.25,10,1552.5,South
O101015,25-03-2024,C0474,P026,1,118.38,0,118.38,East
O101016,16-12-2024,C0030,P016,1,100.18,0,100.18,Central
O101017,01-03-2025,C0100,P005,1,120.17,10,108.15,East
O101018,17-12-2024,C0315,P038,2,266.91,0,533.82,East
O101019,26-12-2024,C0672,P035,1,431.25,5,409.69,East
O101020,27-10-2023,C0329,P024,2,138.62,0,277.24,Central
O101021,19-03-2025,C0130,P015,1,311.17,10,280.05,West
O101022,11-11-2023,C0544,P041,1,60.22,5,57.21,North
O101023,27-10-2023,C0381,P036,2,397.08,0,794.16,North
O101024,04-06-2024,C0148,P034,1,257.22,0,257.22,South
O101025,27-11-2024,C0318,P017,3,117.81,15,300.42,West
O101026,13-06-2024,C0391,P042,1,6.61,0,6.61,North
O101027,25-10-2024,C0340,P003,1,371.63,0,371.63,East
O101028,23-03-2024,C0327,P025,2,280.69,10,505.24,West
O101029,10-01-2025,C0417,P041,1,60.22,0,60.22,Central
O101030,27-12-2024,C0647,P041,2,60.22,5,114.42,East
O101031,15-06-2025,C0511,P038,1,266.91,10,240.22,Central
O101032,09-03-2024,C0533,P044,1,256.3,0,256.3,Central
O101033,25-11-2023,C0438,P006,1,103.42,10,93.08,East
O101034,09-04-2024,C0093,P032,3,294.37,15,750.64,Central
O101035,24-09-2024,C0384,P007,1,212.66,10,191.39,West
O101036,08-09-2024,C0657,P027,1,203.58,0,203.58,South
O101037,29-10-2024,C0188,P023,1,365.92,10,329.33,West
O101038,21-05-2025,C0248,P023,1,365.92,15,311.03,South
O101039,24-12-2024,C0205,P023,1,365.92,0,365.92,North
O101040,04-09-2025,C0638,P020,1,85.51,10,76.96,South
O101041,27-12-2024,C0606,P025,1,280.69,5,266.66,East
O101042,29-07-2025,C0692,P002,1,115.49,5,109.72,Central
O101043,28-10-2024,C0484,P017,1,117.81,0,117.81,South
O101044,22-07-2024,C0331,P028,1,438.8,10,394.92,South
O101045,16-12-2023,C0578,P008,1,405.67,0,405.67,Central
O101046,28-01-2025,C0564,P049,1,14.64,0,14.64,East
O101047,14-06-2024,C0074,P007,1,212.66,5,202.03,North
O101048,12-03-2025,C0391,P020,2,85.51,0,171.02,North
O101049,25-03-2025,C0482,P007,1,212.66,15,180.76,North
O101050,14-04-2024,C0007,P007,2,212.66,0,425.32,Central
O101051,13-01-2025,C0590,P032,1,294.37,0,294.37,East
O101052,21-03-2024,C0110,P027,1,203.58,0,203.58,Central
O101053,05-11-2023,C0355,P042,1,6.61,15,5.62,West
O101054,12-01-2025,C0036,P016,1,100.18,0,100.18,West
O101055,30-05-2025,C0535,P034,1,257.22,15,218.64,North
O101056,28-06-2025,C0574,P019,1,142.6,0,142.6,East
O101057,26-01-2024,C0070,P040,1,376.68,5,357.85,North
O101058,25-02-2024,C0352,P042,1,6.61,0,6.61,West
O101059,14-02-2025,C0098,P026,2,118.38,10,213.08,North
O101060,11-02-2025,C0484,P006,1,103.42,0,103.42,South
O101061,27-08-2025,C0567,P027,1,203.58,15,173.04,East
O101062,02-12-2023,C0696,P028,1,438.8,5,416.86,East
O101063,22-04-2024,C0309,P019,1,142.6,10,128.34,East
O101064,28-02-2025,C0527,P019,1,142.6,15,121.21,Central
O101065,03-01-2024,C0404,P045,1,152.73,10,137.46,West
O101066,21-02-2025,C0439,P029,1,252.12,10,226.91,Central
O101067,25-08-2025,C0329,P045,1,152.73,15,129.82,Central
O101068,07-07-2025,C0054,P031,1,373.77,10,336.39,South
O101069,20-08-2024,C0177,P020,1,85.51,15,72.68,South
O101070,13-11-2024,C0174,P026,1,118.38,15,100.62,West
O101071,21-06-2024,C0129,P048,1,459.65,10,413.68,Central
O101072,07-07-2025,C0678,P020,1,85.51,15,72.68,West
O101073,20-11-2023,C0329,P040,2,376.68,5,715.69,Central
O101074,30-05-2025,C0112,P026,1,118.38,0,118.38,Central
O101075,12-10-2025,C0075,P043,2,135.38,10,243.68,South
O101076,02-04-2024,C0338,P022,2,40.34,5,76.65,East
O101077,09-05-2025,C0037,P008,2,405.67,0,811.34,West
O101078,27-08-2024,C0243,P013,1,232.42,0,232.42,East
O101079,19-12-2023,C0463,P042,1,6.61,5,6.28,West
O101080,17-06-2024,C0262,P034,2,257.22,5,488.72,Central
O101081,16-06-2024,C0568,P047,1,271.99,0,271.99,Central
O101082,21-12-2023,C0271,P011,2,50.91,0,101.82,South
O101083,27-03-2025,C0431,P031,1,373.77,5,355.08,North
O101084,27-12-2024,C0273,P013,2,232.42,5,441.6,West
O101085,23-11-2024,C0108,P003,1,371.63,0,371.63,North
O101086,29-12-2024,C0098,P010,1,111.58,5,106,North
O101087,26-12-2023,C0019,P011,3,50.91,5,145.09,Central
O101088,18-08-2025,C0055,P007,1,212.66,0,212.66,West
O101089,18-07-2025,C0092,P026,2,118.38,0,236.76,West
O101090,20-12-2023,C0141,P005,1,120.17,0,120.17,South
O101091,09-03-2024,C0652,P007,1,212.66,0,212.66,West
O101092,22-02-2025,C0175,P046,2,103.46,0,206.92,Central
O101093,18-04-2024,C0049,P004,2,213.85,0,427.7,North
O101094,09-09-2025,C0076,P034,1,257.22,10,231.5,Central
O101095,21-04-2025,C0352,P012,1,303.84,0,303.84,West
O101096,16-08-2024,C0252,P026,1,118.38,0,118.38,North
O101097,20-04-2025,C0039,P027,1,203.58,0,203.58,North
O101098,10-09-2025,C0406,P030,1,232.13,0,232.13,East
O101099,06-09-2024,C0072,P040,1,376.68,10,339.01,Central
O101100,28-05-2024,C0625,P044,1,256.3,10,230.67,North
O101101,10-04-2025,C0015,P017,1,117.81,0,117.81,Central
O101102,25-12-2024,C0332,P039,1,341.74,0,341.74,North
O101103,09-09-2025,C0332,P027,1,203.58,5,193.4,North
O101104,08-10-2025,C0249,P044,1,256.3,0,256.3,West
O101105,16-12-2024,C0434,P002,1,115.49,15,98.17,East
O101106,15-03-2024,C0700,P010,1,111.58,10,100.42,West
O101107,08-02-2024,C0230,P035,1,431.25,15,366.56,West
O101108,30-06-2025,C0666,P018,2,428.38,5,813.92,South
O101109,08-11-2024,C0519,P024,3,138.62,0,415.86,West
O101110,30-12-2024,C0520,P038,1,266.91,15,226.87,West
O101111,09-07-2024,C0697,P004,1,213.85,0,213.85,Central
O101112,31-12-2023,C0149,P007,3,212.66,0,637.98,North
O101113,09-04-2024,C0037,P002,1,115.49,0,115.49,West
O101114,29-04-2024,C0579,P040,1,376.68,0,376.68,Central
O101115,30-05-2024,C0352,P011,1,50.91,0,50.91,West
O101116,02-06-2025,C0485,P031,1,373.77,10,336.39,South
O101117,19-05-2024,C0036,P009,1,350.58,0,350.58,West
O101118,25-06-2024,C0340,P018,1,428.38,15,364.12,East
O101119,11-01-2025,C0516,P025,1,280.69,10,252.62,West
O101120,03-04-2025,C0660,P024,1,138.62,0,138.62,Central
O101121,24-06-2025,C0591,P001,1,60.11,5,57.1,South
O101122,13-11-2024,C0417,P002,1,115.49,0,115.49,Central
O101123,04-05-2025,C0672,P027,1,203.58,5,193.4,East
O101124,05-07-2024,C0691,P014,2,44.01,0,88.02,North
O101125,24-12-2023,C0151,P044,1,256.3,10,230.67,West
O101126,27-01-2025,C0189,P015,2,311.17,0,622.34,West
O101127,10-04-2025,C0101,P021,1,137.15,0,137.15,West
O101128,03-10-2025,C0292,P042,1,6.61,0,6.61,North
O101129,06-11-2024,C0399,P005,1,120.17,5,114.16,West
O101130,19-12-2024,C0296,P046,1,103.46,15,87.94,South
O101131,15-03-2024,C0361,P041,1,60.22,5,57.21,Central
O101132,27-11-2023,C0178,P028,1,438.8,10,394.92,West
O101133,03-04-2025,C0277,P015,2,311.17,0,622.34,West
O101134,21-04-2025,C0565,P025,2,280.69,10,505.24,North
O101135,31-01-2024,C0412,P037,1,195.46,5,185.69,North
O101136,02-01-2024,C0278,P036,2,397.08,5,754.45,North
O101137,28-08-2024,C0420,P007,1,212.66,5,202.03,East
O101138,06-08-2024,C0295,P007,1,212.66,15,180.76,North
O101139,08-05-2024,C0694,P045,1,152.73,5,145.09,East
O101140,16-11-2024,C0374,P034,2,257.22,0,514.44,East
O101141,21-07-2025,C0061,P017,2,117.81,15,200.28,West
O101142,02-09-2024,C0386,P018,3,428.38,15,1092.37,East
O101143,02-12-2023,C0360,P030,4,232.13,15,789.24,West
O101144,12-07-2025,C0001,P017,1,117.81,0,117.81,North
O101145,11-04-2025,C0105,P042,2,6.61,0,13.22,Central
O101146,27-05-2025,C0689,P035,1,431.25,15,366.56,North
O101147,16-06-2024,C0019,P003,2,371.63,0,743.26,Central
O101148,20-11-2024,C0054,P024,1,138.62,5,131.69,South
O101149,05-02-2025,C0362,P006,2,103.42,10,186.16,East
O101150,11-10-2025,C0678,P039,2,341.74,0,683.48,West
O101151,23-01-2025,C0193,P050,1,123.53,0,123.53,North
O101152,20-09-2024,C0034,P037,2,195.46,0,390.92,West
O101153,18-02-2025,C0265,P007,1,212.66,0,212.66,West
O101154,17-07-2024,C0130,P041,2,60.22,0,120.44,West
O101155,17-01-2025,C0043,P029,3,252.12,5,718.54,North
O101156,14-11-2024,C0697,P046,1,103.46,15,87.94,Central
O101157,12-12-2024,C0400,P028,1,438.8,10,394.92,Central
O101158,29-02-2024,C0609,P006,1,103.42,10,93.08,North
O101159,10-03-2024,C0532,P002,1,115.49,15,98.17,East
O101160,06-10-2025,C0122,P029,2,252.12,0,504.24,West
O101161,23-01-2025,C0699,P015,1,311.17,0,311.17,Central
O101162,18-12-2023,C0558,P004,1,213.85,0,213.85,Central
O101163,14-10-2024,C0355,P022,2,40.34,0,80.68,West
O101164,08-11-2023,C0227,P030,2,232.13,10,417.83,West
O101165,18-02-2025,C0091,P017,2,117.81,5,223.84,North
O101166,15-08-2025,C0081,P024,1,138.62,0,138.62,North
O101167,04-12-2023,C0564,P031,4,373.77,15,1270.82,East
O101168,18-06-2025,C0237,P009,4,350.58,0,1402.32,East
O101169,28-06-2024,C0368,P036,1,397.08,0,397.08,Central
O101170,07-12-2024,C0375,P044,2,256.3,5,486.97,South
O101171,07-05-2025,C0214,P038,1,266.91,5,253.56,Central
O101172,28-08-2024,C0130,P027,1,203.58,0,203.58,West
O101173,15-11-2023,C0214,P019,1,142.6,10,128.34,Central
O101174,21-05-2024,C0519,P040,4,376.68,15,1280.71,West
O101175,28-10-2023,C0122,P042,2,6.61,0,13.22,West
O101176,03-12-2024,C0591,P043,1,135.38,15,115.07,South
O101177,11-11-2023,C0186,P012,1,303.84,0,303.84,East
O101178,19-06-2025,C0408,P043,1,135.38,0,135.38,Central
O101179,02-01-2024,C0384,P031,1,373.77,0,373.77,West
O101180,19-12-2024,C0241,P041,1,60.22,0,60.22,East
O101181,06-10-2024,C0244,P034,1,257.22,15,218.64,Central
O101182,27-01-2024,C0140,P043,1,135.38,5,128.61,South
O101183,05-03-2025,C0068,P021,1,137.15,10,123.44,Central
O101184,07-03-2025,C0636,P028,1,438.8,10,394.92,Central
O101185,03-06-2025,C0463,P014,3,44.01,5,125.43,West
O101186,15-06-2024,C0626,P011,1,50.91,0,50.91,West
O101187,14-05-2025,C0055,P003,1,371.63,0,371.63,West
O101188,09-07-2024,C0186,P001,1,60.11,0,60.11,East
O101189,05-02-2024,C0279,P044,1,256.3,0,256.3,West
O101190,30-09-2024,C0401,P028,2,438.8,15,745.96,Central
O101191,18-08-2024,C0079,P038,1,266.91,5,253.56,Central
O101192,30-10-2023,C0172,P033,1,184.19,0,184.19,Central
O101193,03-04-2024,C0457,P026,1,118.38,10,106.54,West
O101194,22-06-2024,C0479,P019,1,142.6,10,128.34,South
O101195,15-04-2024,C0043,P016,1,100.18,0,100.18,North
O101196,07-12-2023,C0526,P048,1,459.65,15,390.7,West
O101197,08-03-2025,C0275,P006,3,103.42,15,263.72,North
O101198,06-02-2025,C0420,P041,1,60.22,0,60.22,East
O101199,21-11-2023,C0601,P021,1,137.15,10,123.44,East
O101200,15-02-2024,C0104,P018,1,428.38,10,385.54,Central
O101201,26-07-2025,C0058,P044,1,256.3,5,243.48,North
O101202,27-04-2024,C0141,P001,1,60.11,0,60.11,South
O101203,17-07-2024,C0444,P045,1,152.73,10,137.46,East
O101204,25-04-2024,C0329,P004,1,213.85,5,203.16,Central
O101205,28-10-2023,C0663,P002,1,115.49,5,109.72,South
O101206,12-10-2024,C0362,P019,1,142.6,0,142.6,East
O101207,30-07-2025,C0541,P041,1,60.22,0,60.22,Central
O101208,19-03-2024,C0088,P043,1,135.38,10,121.84,South
O101209,25-06-2025,C0004,P034,1,257.22,10,231.5,Central
O101210,15-08-2025,C0304,P030,1,232.13,5,220.52,East
O101211,05-04-2024,C0585,P046,1,103.46,0,103.46,West
O101212,18-05-2024,C0485,P014,2,44.01,0,88.02,South
O101213,24-03-2025,C0341,P043,2,135.38,10,243.68,East
O101214,10-03-2024,C0520,P046,1,103.46,0,103.46,West
O101215,16-04-2024,C0101,P034,2,257.22,0,514.44,West
O101216,17-05-2025,C0119,P040,1,376.68,10,339.01,North
O101217,02-05-2025,C0360,P012,1,303.84,0,303.84,West
O101218,16-11-2024,C0137,P029,1,252.12,15,214.3,Central
O101219,03-05-2024,C0225,P048,1,459.65,5,436.67,North
O101220,22-07-2024,C0045,P048,1,459.65,5,436.67,Central
O101221,20-06-2025,C0257,P038,2,266.91,10,480.44,West
O101222,21-11-2023,C0191,P008,2,405.67,0,811.34,Central
O101223,21-03-2025,C0148,P021,1,137.15,10,123.44,South
O101224,28-02-2024,C0251,P015,1,311.17,5,295.61,West
O101225,04-06-2024,C0660,P009,1,350.58,0,350.58,Central
O101226,16-07-2025,C0222,P044,1,256.3,5,243.48,Central
O101227,13-05-2024,C0004,P043,2,135.38,10,243.68,Central
O101228,18-07-2024,C0077,P050,2,123.53,15,210,South
O101229,22-08-2025,C0406,P021,1,137.15,0,137.15,East
O101230,10-07-2024,C0640,P003,1,371.63,15,315.89,North
O101231,04-06-2025,C0435,P013,1,232.42,0,232.42,North
O101232,10-05-2024,C0450,P031,1,373.77,0,373.77,South
O101233,18-08-2024,C0351,P018,1,428.38,15,364.12,West
O101234,07-07-2024,C0192,P042,2,6.61,15,11.24,West
O101235,19-03-2024,C0496,P049,2,14.64,15,24.89,Central
O101236,19-08-2025,C0427,P002,2,115.49,0,230.98,South
O101237,24-03-2024,C0298,P029,2,252.12,0,504.24,East
O101238,01-07-2024,C0685,P005,1,120.17,0,120.17,West
O101239,29-11-2023,C0662,P032,1,294.37,10,264.93,South
O101240,06-12-2024,C0680,P018,1,428.38,0,428.38,Central
O101241,25-09-2025,C0689,P048,1,459.65,0,459.65,North
O101242,07-09-2024,C0585,P043,1,135.38,5,128.61,West
O101243,30-01-2025,C0597,P010,1,111.58,0,111.58,East
O101244,14-10-2025,C0189,P044,2,256.3,0,512.6,West
O101245,08-03-2025,C0002,P016,1,100.18,0,100.18,West
O101246,04-03-2024,C0692,P002,2,115.49,0,230.98,Central
O101247,04-08-2025,C0095,P023,1,365.92,0,365.92,South
O101248,01-09-2025,C0454,P038,2,266.91,0,533.82,Central
O101249,10-08-2024,C0144,P040,1,376.68,10,339.01,South
O101250,30-10-2024,C0494,P003,1,371.63,0,371.63,West
O101251,31-10-2023,C0429,P009,1,350.58,10,315.52,East
O101252,13-08-2025,C0479,P045,1,152.73,0,152.73,South
O101253,11-04-2024,C0261,P012,2,303.84,0,607.68,Central
O101254,17-08-2025,C0581,P029,1,252.12,15,214.3,West
O101255,08-08-2025,C0537,P006,2,103.42,15,175.81,Central
O101256,21-06-2024,C0041,P033,1,184.19,10,165.77,West
O101257,15-09-2025,C0557,P049,1,14.64,5,13.91,South
O101258,28-12-2024,C0464,P031,1,373.77,0,373.77,Central
O101259,25-08-2024,C0608,P008,1,405.67,15,344.82,North
O101260,16-04-2025,C0063,P031,1,373.77,0,373.77,Central
O101261,01-06-2025,C0142,P010,3,111.58,10,301.27,South
O101262,31-12-2023,C0616,P004,1,213.85,0,213.85,North
O101263,26-12-2023,C0463,P046,1,103.46,15,87.94,West
O101264,13-08-2024,C0410,P020,1,85.51,0,85.51,South
O101265,29-09-2024,C0663,P026,3,118.38,10,319.63,South
O101266,21-09-2024,C0355,P003,1,371.63,15,315.89,West
O101267,15-07-2024,C0454,P005,2,120.17,0,240.34,Central
O101268,26-09-2024,C0383,P035,2,431.25,10,776.25,South
O101269,28-09-2024,C0394,P047,1,271.99,5,258.39,North
O101270,27-07-2025,C0403,P017,1,117.81,0,117.81,West
O101271,18-11-2023,C0277,P018,2,428.38,0,856.76,West
O101272,10-12-2023,C0056,P026,1,118.38,0,118.38,West
O101273,13-04-2024,C0546,P041,2,60.22,0,120.44,North
O101274,03-06-2025,C0394,P004,1,213.85,15,181.77,North
O101275,18-12-2023,C0128,P026,1,118.38,0,118.38,East
O101276,26-10-2024,C0232,P028,1,438.8,15,372.98,Central
O101277,18-06-2025,C0405,P039,1,341.74,10,307.57,Central
O101278,18-04-2025,C0081,P030,1,232.13,0,232.13,North
O101279,15-04-2024,C0330,P013,1,232.42,0,232.42,East
O101280,10-09-2024,C0349,P028,4,438.8,10,1579.68,Central
O101281,24-04-2024,C0076,P007,1,212.66,5,202.03,Central
O101282,09-06-2025,C0464,P030,1,232.13,0,232.13,Central
O101283,03-03-2025,C0545,P019,2,142.6,5,270.94,North
O101284,14-10-2025,C0470,P042,1,6.61,0,6.61,North
O101285,24-09-2025,C0397,P038,2,266.91,5,507.13,North
O101286,16-12-2024,C0488,P039,2,341.74,0,683.48,North
O101287,30-06-2024,C0096,P006,1,103.42,10,93.08,East
O101288,28-11-2023,C0035,P049,1,14.64,10,13.18,North
O101289,08-04-2024,C0371,P011,1,50.91,0,50.91,West
O101290,09-08-2024,C0150,P041,1,60.22,0,60.22,North
O101291,21-04-2024,C0148,P049,1,14.64,0,14.64,South
O101292,24-09-2024,C0335,P012,2,303.84,15,516.53,Central
O101293,24-02-2025,C0441,P031,1,373.77,0,373.77,Central
O101294,06-02-2025,C0666,P032,1,294.37,15,250.21,South
O101295,03-07-2024,C0496,P049,2,14.64,0,29.28,Central
O101296,28-10-2024,C0169,P009,1,350.58,10,315.52,East
O101297,12-05-2025,C0171,P002,1,115.49,15,98.17,North
O101298,08-01-2025,C0486,P011,1,50.91,15,43.27,Central
O101299,07-04-2025,C0517,P028,2,438.8,0,877.6,West
O101300,24-06-2025,C0277,P045,1,152.73,0,152.73,West
O101301,15-09-2025,C0156,P003,2,371.63,5,706.1,North
O101302,11-12-2023,C0528,P004,4,213.85,5,812.63,West
O101303,14-08-2024,C0447,P046,1,103.46,0,103.46,North
O101304,27-01-2024,C0076,P010,1,111.58,5,106,Central
O101305,01-10-2025,C0099,P043,1,135.38,10,121.84,South
O101306,13-02-2025,C0119,P025,1,280.69,10,252.62,North
O101307,20-03-2025,C0043,P038,1,266.91,0,266.91,North
O101308,10-08-2025,C0434,P023,1,365.92,15,311.03,East
O101309,06-07-2025,C0052,P034,1,257.22,10,231.5,Central
O101310,17-02-2024,C0106,P020,1,85.51,15,72.68,North
O101311,13-09-2025,C0461,P038,1,266.91,0,266.91,West
O101312,17-07-2024,C0587,P022,1,40.34,0,40.34,South
O101313,13-02-2024,C0261,P003,2,371.63,0,743.26,Central
O101314,29-11-2023,C0167,P045,2,152.73,0,305.46,Central
O101315,28-10-2023,C0074,P007,1,212.66,0,212.66,North
O101316,29-08-2025,C0015,P020,1,85.51,0,85.51,Central
O101317,09-02-2025,C0015,P021,1,137.15,0,137.15,Central
O101318,02-09-2025,C0346,P014,1,44.01,10,39.61,South
O101319,01-09-2024,C0438,P050,1,123.53,0,123.53,East
O101320,25-07-2024,C0341,P037,2,195.46,10,351.83,East
O101321,20-02-2025,C0510,P006,1,103.42,0,103.42,Central
O101322,13-04-2024,C0653,P031,1,373.77,0,373.77,South
O101323,09-03-2025,C0123,P047,1,271.99,0,271.99,West
O101324,21-08-2025,C0255,P012,1,303.84,0,303.84,North
O101325,27-05-2025,C0181,P043,1,135.38,0,135.38,North
O101326,20-05-2024,C0351,P010,2,111.58,10,200.84,West
O101327,25-12-2024,C0600,P002,1,115.49,5,109.72,Central
O101328,20-02-2025,C0677,P044,1,256.3,0,256.3,North
O101329,07-03-2024,C0285,P029,4,252.12,15,857.21,North
O101330,25-11-2024,C0382,P041,1,60.22,0,60.22,East
O101331,05-03-2024,C0275,P026,1,118.38,0,118.38,North
O101332,13-02-2024,C0063,P033,1,184.19,5,174.98,Central
O101333,29-11-2023,C0569,P036,1,397.08,15,337.52,North
O101334,23-11-2024,C0371,P016,1,100.18,10,90.16,West
O101335,17-02-2025,C0518,P023,1,365.92,0,365.92,East
O101336,12-12-2024,C0615,P003,1,371.63,10,334.47,East
O101337,24-05-2025,C0360,P021,2,137.15,0,274.3,West
O101338,11-12-2023,C0008,P017,2,117.81,0,235.62,East
O101339,02-05-2024,C0440,P043,2,135.38,5,257.22,West
O101340,05-03-2025,C0396,P012,2,303.84,0,607.68,Central
O101341,20-08-2024,C0547,P015,1,311.17,0,311.17,South
O101342,14-12-2024,C0148,P017,2,117.81,0,235.62,South
O101343,09-01-2025,C0027,P048,1,459.65,15,390.7,Central
O101344,16-08-2025,C0524,P017,1,117.81,0,117.81,East
O101345,26-03-2024,C0059,P022,2,40.34,15,68.58,West
O101346,20-02-2024,C0256,P002,1,115.49,15,98.17,Central
O101347,21-04-2025,C0209,P035,1,431.25,0,431.25,North
O101348,15-01-2024,C0606,P034,2,257.22,0,514.44,East
O101349,22-11-2023,C0631,P025,1,280.69,0,280.69,West
O101350,06-08-2024,C0515,P050,1,123.53,15,105,South
O101351,27-03-2024,C0106,P046,2,103.46,10,186.23,North
O101352,28-05-2024,C0578,P020,2,85.51,0,171.02,Central
O101353,30-08-2025,C0327,P027,1,203.58,0,203.58,West
O101354,30-10-2024,C0254,P032,2,294.37,0,588.74,Central
O101355,29-12-2023,C0298,P004,1,213.85,10,192.46,East
O101356,30-11-2023,C0475,P019,2,142.6,0,285.2,West
O101357,22-09-2024,C0507,P030,2,232.13,0,464.26,South
O101358,28-04-2024,C0615,P006,1,103.42,10,93.08,East
O101359,25-11-2024,C0217,P011,1,50.91,15,43.27,South
O101360,04-11-2023,C0008,P040,2,376.68,10,678.02,East
O101361,17-08-2024,C0573,P012,2,303.84,5,577.3,East
O101362,25-08-2024,C0508,P008,1,405.67,15,344.82,Central
O101363,18-05-2025,C0023,P049,1,14.64,0,14.64,North
O101364,14-12-2024,C0323,P047,2,271.99,10,489.58,South
O101365,27-09-2024,C0455,P026,1,118.38,0,118.38,West
O101366,12-04-2025,C0216,P049,1,14.64,10,13.18,West
O101367,15-04-2024,C0032,P039,1,341.74,0,341.74,West
O101368,20-06-2024,C0478,P020,1,85.51,0,85.51,East
O101369,13-02-2025,C0268,P008,1,405.67,5,385.39,West
O101370,01-03-2025,C0551,P008,2,405.67,0,811.34,North
O101371,14-12-2024,C0603,P034,1,257.22,0,257.22,East
O101372,24-10-2023,C0207,P033,1,184.19,0,184.19,East
O101373,23-05-2025,C0420,P039,2,341.74,10,615.13,East
O101374,30-06-2024,C0057,P021,2,137.15,0,274.3,West
O101375,19-08-2025,C0613,P028,3,438.8,0,1316.4,North
O101376,21-03-2024,C0513,P048,1,459.65,0,459.65,East
O101377,21-08-2024,C0060,P038,1,266.91,5,253.56,West
O101378,17-08-2024,C0542,P040,1,376.68,0,376.68,South
O101379,26-03-2024,C0062,P032,1,294.37,15,250.21,West
O101380,23-04-2024,C0456,P003,1,371.63,15,315.89,West
O101381,02-06-2025,C0224,P036,1,397.08,15,337.52,South
O101382,15-09-2024,C0506,P042,2,6.61,0,13.22,West
O101383,11-02-2025,C0424,P004,1,213.85,15,181.77,Central
O101384,29-01-2025,C0384,P027,1,203.58,0,203.58,West
O101385,23-03-2025,C0075,P012,1,303.84,0,303.84,South
O101386,13-11-2024,C0542,P030,1,232.13,0,232.13,South
O101387,25-12-2023,C0459,P029,2,252.12,0,504.24,North
O101388,29-07-2025,C0428,P040,1,376.68,0,376.68,South
O101389,14-07-2024,C0428,P003,1,371.63,0,371.63,South
O101390,03-10-2024,C0173,P019,3,142.6,5,406.41,East
O101391,15-07-2025,C0362,P021,1,137.15,10,123.44,East
O101392,17-04-2024,C0415,P007,4,212.66,0,850.64,South
O101393,05-04-2025,C0122,P018,1,428.38,0,428.38,West
O101394,26-08-2025,C0184,P037,2,195.46,10,351.83,West
O101395,16-01-2025,C0593,P021,1,137.15,0,137.15,North
O101396,26-09-2024,C0066,P010,1,111.58,0,111.58,South
O101397,28-11-2023,C0545,P026,1,118.38,0,118.38,North
O101398,06-02-2024,C0464,P041,2,60.22,5,114.42,Central
O101399,08-02-2024,C0101,P009,1,350.58,0,350.58,West
O101400,07-09-2025,C0160,P037,1,195.46,0,195.46,East
O101401,04-08-2025,C0290,P028,1,438.8,10,394.92,North
O101402,08-04-2025,C0642,P047,3,271.99,5,775.17,West
O101403,24-02-2024,C0150,P032,1,294.37,10,264.93,North
O101404,30-11-2023,C0673,P001,1,60.11,15,51.09,South
O101405,24-03-2024,C0652,P045,1,152.73,5,145.09,West
O101406,09-03-2025,C0544,P026,1,118.38,10,106.54,North
O101407,14-06-2024,C0548,P048,4,459.65,0,1838.6,East
O101408,18-03-2025,C0267,P006,1,103.42,15,87.91,East
O101409,11-11-2024,C0602,P008,1,405.67,15,344.82,Central
O101410,11-12-2024,C0449,P030,2,232.13,0,464.26,North
O101411,02-10-2025,C0508,P039,2,341.74,5,649.31,Central
O101412,15-03-2025,C0079,P035,1,431.25,5,409.69,Central
O101413,06-04-2025,C0423,P036,2,397.08,10,714.74,East
O101414,19-06-2025,C0572,P002,1,115.49,5,109.72,West
O101415,14-06-2024,C0184,P010,1,111.58,5,106,West
O101416,11-02-2025,C0531,P038,1,266.91,5,253.56,West
O101417,05-11-2023,C0357,P030,1,232.13,15,197.31,Central
O101418,07-02-2024,C0316,P020,1,85.51,5,81.23,Central
O101419,28-10-2023,C0519,P010,1,111.58,0,111.58,West
O101420,22-03-2025,C0029,P027,1,203.58,0,203.58,West
O101421,06-09-2024,C0585,P047,2,271.99,10,489.58,West
O101422,14-02-2025,C0502,P013,3,232.42,0,697.26,Central
O101423,31-03-2024,C0673,P017,1,117.81,0,117.81,South
O101424,22-11-2024,C0215,P029,1,252.12,0,252.12,West
O101425,01-01-2025,C0282,P023,1,365.92,0,365.92,West
O101426,23-09-2024,C0521,P008,2,405.67,10,730.21,South
O101427,27-06-2024,C0591,P030,2,232.13,15,394.62,South
O101428,19-04-2024,C0431,P010,3,111.58,0,334.74,North
O101429,23-12-2023,C0314,P032,1,294.37,15,250.21,Central
O101430,15-10-2024,C0015,P016,3,100.18,0,300.54,Central
O101431,06-12-2024,C0607,P011,1,50.91,0,50.91,East
O101432,23-01-2025,C0394,P001,1,60.11,10,54.1,North
O101433,14-10-2024,C0283,P022,1,40.34,10,36.31,West
O101434,10-05-2024,C0690,P029,2,252.12,5,479.03,West
O101435,26-05-2024,C0081,P030,1,232.13,0,232.13,North
O101436,27-06-2024,C0286,P019,1,142.6,0,142.6,Central
O101437,09-07-2025,C0181,P007,1,212.66,0,212.66,North
O101438,24-06-2024,C0221,P043,1,135.38,5,128.61,South
O101439,24-11-2024,C0337,P028,1,438.8,5,416.86,North
O101440,23-03-2025,C0426,P012,1,303.84,0,303.84,North
O101441,03-10-2024,C0261,P018,1,428.38,10,385.54,Central
O101442,01-12-2024,C0255,P019,1,142.6,0,142.6,North
O101443,20-08-2024,C0564,P040,1,376.68,0,376.68,East
O101444,01-09-2025,C0603,P041,3,60.22,0,180.66,East
O101445,20-03-2024,C0511,P050,1,123.53,15,105,Central
O101446,05-03-2025,C0656,P034,1,257.22,0,257.22,East
O101447,21-05-2025,C0154,P002,1,115.49,0,115.49,East
O101448,01-10-2025,C0526,P021,1,137.15,0,137.15,West
O101449,23-01-2025,C0294,P018,1,428.38,0,428.38,South
O101450,30-03-2024,C0209,P036,1,397.08,0,397.08,North
O101451,27-02-2024,C0447,P034,2,257.22,0,514.44,North
O101452,03-03-2024,C0646,P040,3,376.68,5,1073.54,South
O101453,16-08-2024,C0218,P042,2,6.61,0,13.22,North
O101454,19-12-2024,C0444,P049,1,14.64,15,12.44,East
O101455,14-05-2025,C0471,P046,1,103.46,5,98.29,Central
O101456,31-03-2025,C0544,P030,1,232.13,0,232.13,North
O101457,14-11-2024,C0625,P044,1,256.3,10,230.67,North
O101458,24-02-2025,C0237,P020,2,85.51,10,153.92,East
O101459,24-09-2024,C0395,P035,1,431.25,15,366.56,South
O101460,13-03-2024,C0130,P006,1,103.42,0,103.42,West
O101461,08-02-2025,C0393,P032,1,294.37,0,294.37,Central
O101462,24-05-2024,C0576,P005,1,120.17,10,108.15,West
O101463,02-04-2024,C0356,P032,2,294.37,5,559.3,South
O101464,17-12-2023,C0094,P022,2,40.34,0,80.68,North
O101465,16-11-2023,C0415,P014,2,44.01,5,83.62,South
O101466,06-11-2024,C0392,P038,1,266.91,0,266.91,West
O101467,27-01-2025,C0063,P013,3,232.42,15,592.67,Central
O101468,04-06-2024,C0187,P020,1,85.51,0,85.51,South
O101469,30-12-2023,C0436,P024,1,138.62,10,124.76,East
O101470,02-06-2024,C0143,P019,3,142.6,0,427.8,West
O101471,03-07-2024,C0474,P039,2,341.74,0,683.48,East
O101472,28-04-2025,C0375,P020,1,85.51,0,85.51,South
O101473,22-10-2024,C0480,P032,2,294.37,0,588.74,East
O101474,27-04-2025,C0543,P015,1,311.17,10,280.05,East
O101475,27-05-2025,C0499,P011,1,50.91,5,48.36,South
O101476,06-04-2024,C0584,P041,2,60.22,15,102.37,Central
O101477,04-06-2024,C0545,P039,1,341.74,0,341.74,North
O101478,12-04-2025,C0179,P003,1,371.63,0,371.63,East
O101479,10-04-2024,C0262,P015,1,311.17,15,264.49,Central
O101480,30-12-2023,C0216,P032,1,294.37,5,279.65,West
O101481,18-08-2025,C0020,P030,1,232.13,0,232.13,South
O101482,29-04-2024,C0669,P045,1,152.73,0,152.73,North
O101483,13-09-2025,C0077,P012,1,303.84,15,258.26,South
O101484,02-08-2025,C0357,P016,1,100.18,10,90.16,Central
O101485,03-12-2023,C0464,P007,1,212.66,0,212.66,Central
O101486,29-08-2025,C0260,P031,4,373.77,10,1345.57,West
O101487,11-10-2025,C0004,P030,4,232.13,0,928.52,Central
O101488,21-08-2024,C0355,P014,1,44.01,0,44.01,West
O101489,30-05-2025,C0264,P040,1,376.68,10,339.01,South
O101490,11-01-2024,C0273,P042,1,6.61,15,5.62,West
O101491,23-02-2025,C0294,P033,1,184.19,0,184.19,South
O101492,09-08-2025,C0198,P006,1,103.42,0,103.42,West
O101493,24-10-2023,C0595,P020,1,85.51,0,85.51,Central
O101494,16-05-2025,C0447,P003,1,371.63,0,371.63,North
O101495,08-10-2025,C0494,P011,1,50.91,0,50.91,West
O101496,08-03-2025,C0542,P032,1,294.37,0,294.37,South
O101497,18-05-2024,C0158,P040,1,376.68,5,357.85,East
O101498,08-07-2024,C0342,P038,1,266.91,0,266.91,East
O101499,30-09-2024,C0114,P024,1,138.62,10,124.76,East
O101500,17-08-2025,C0120,P012,1,303.84,0,303.84,South
